ach-gaba,ach-glut,ach-ach,gaba-glut,gaba-gaba,glut-glut
0.00036514901632500314,0.001284231304327146,0.03992395437262357,0.0016160463900375495,0.25221295702373314,0.03200624512099922
0.00035312094087600315,0.0011256771651696725,0.03863698139316514,0.001568832527127729,0.2352377738835131,0.031676679410158386
0.000335542524240212,0.0009061724283484813,0.036463443985707146,0.0018886071522252338,0.23790834973292102,0.03746983961773194
0.00030789091721181877,0.0013507162350562207,0.03858530378434677,0.0017721768238653144,0.258242002041088,0.04096696807529064
0.0003153907944329349,0.0012996859092386007,0.03848440468077085,0.0026106601957995145,0.24908744559260165,0.031073566243579404
0.00029750137363586355,0.0012875737428598183,0.04310468426766073,0.0014570887367040652,0.23893270006272965,0.03617475187830442
0.00032263010814124175,0.0010800216004320088,0.03818920930587629,0.0010703339117461039,0.24493360503392525,0.031352917929126596
0.0002860024105917464,0.00123866987110822,0.04190898086383187,0.0025389063895810806,0.24696008458895058,0.03272239606616004
0.00033254185124465056,0.000844535153775776,0.04090275899722927,0.0019294775939414405,0.24561285550998455,0.03733916407366916
0.0003584837685593876,0.0008899749011464281,0.034479073563129056,0.0009712352493646502,0.25120429773347835,0.03845801666514055
0.00025789170509399014,0.0011443918958369825,0.03725696447355027,0.0018038830957165688,0.2404213916661075,0.0373070901364348
0.0003143027245580716,0.001222187402068317,0.03741471024980733,0.001531369139721482,0.2387673999435384,0.03441525925251514
0.0003888796768319562,0.0013455630059877554,0.04090372635237759,0.0013254856169030976,0.24367995539448006,0.03259787657597876
0.0003423231523211922,0.0010525434473190043,0.037508096049128026,0.0015782983970406906,0.2352212389380531,0.03065792448564323
0.000314184525746775,0.0013728166785592407,0.03857469446025331,0.002591585346344585,0.24317312943746588,0.040524781341107874
0.00038667736872020084,0.0011253756240447279,0.03603327970944406,0.001399510171439996,0.22728420279543732,0.03610171724713426
0.00036780237045697063,0.0012073789428468603,0.03950027740350321,0.0013800128144047053,0.24319028022731726,0.032950574138791815
0.00037612974503023716,0.0007097735822272695,0.0399145761896168,0.0018603740330950748,0.25301725571034345,0.03682268401631385
0.00031595131923022415,0.0012155544213844074,0.03906140368462202,0.001843854626619438,0.24780281061788983,0.04183266932270916
0.0003713849195126147,0.0011876437543794365,0.03664737022508283,0.0016841688131563307,0.239441078050104,0.039964362988417976
0.00033056513311508715,0.0012664688928375428,0.04440181320296424,0.0007636502481863307,0.2436261251274775,0.03879562185954115
0.0003803820383456309,0.0009695880433240316,0.04022510548630846,0.0015588211415117318,0.24338766593849775,0.0319337670017741
0.0003538918417591501,0.0009460999002653021,0.03550330128576393,0.0014906091622776507,0.2376277121517697,0.04038590980480143
0.0003433311946836494,0.0009246729815065403,0.03960289145274398,0.0012640381156108706,0.23948643464570418,0.03433363910365614
0.00030660827091087277,0.001564067523480761,0.03997402557560449,0.002495591122350514,0.24290758950399305,0.040001666736114
0.0003492478748986911,0.0011890936331963233,0.03854732854253115,0.0017758776617610788,0.24313960854923142,0.04957801246078388
0.00034896924858063944,0.001215612275300427,0.037871255025723055,0.0009744372624809172,0.23366318880209794,0.03892722839786768
0.000306441668561216,0.001386615748317876,0.040047776294526806,0.0023977365367093464,0.2432316664653099,0.03307215743440234
0.00036585515318873557,0.0010441798837163311,0.03688973319982407,0.0015864621893178213,0.242474363215349,0.03751369112814896
0.00034207892374758667,0.0014419156203585878,0.044086309817812336,0.0018001515917129862,0.2440419871545132,0.02777171302563207
0.0003050723618011043,0.0012624909184025916,0.03844145580784917,0.0018471642607922282,0.2489741282833381,0.032211794598582026
0.0003420134882966561,0.0011123067064840227,0.03970228063726075,0.0019895155687488157,0.24941979080085058,0.03956272774596564
0.00028361809382890924,0.0014090571059532664,0.03826351151575706,0.0019509022923101934,0.2260535105772799,0.04025656173516752
0.00042370181802617497,0.0012000969309059577,0.03750659072880398,0.001620565291304555,0.23230731125171689,0.043484281955407836
0.0003678318983104494,0.0013761681879674694,0.0406767635958732,0.002275913251422446,0.24506330207838223,0.0441601682292123
0.0003010647107881156,0.001209532042907374,0.04209608256413984,0.0017045454545454545,0.2326599365181221,0.03269898474926383
0.0003487622572806716,0.0013614703880190605,0.03625681444686012,0.0020233812949640288,0.24289496523009657,0.0343226895484597
0.00033162909855956254,0.0011294356279316347,0.041343489271090904,0.0015908789606257456,0.24524521236409025,0.030515997780654704
0.00028821228448295844,0.0012864034304091478,0.040872910793003,0.0021726124877987345,0.23000260552371027,0.035214196589491195
0.00033705716684005667,0.0011671066473472142,0.03856495201460169,0.0014672079033599059,0.25085005193243315,0.03991189427312775
0.00037148328395370943,0.0010735874156883795,0.03744925376061503,0.00130738673505305,0.2383621108555509,0.03866728444463165
0.00030603456705706293,0.001224956125369548,0.03718970413117157,0.0026664472059912767,0.24295946341304842,0.030343897505057317
0.0002739963824009644,0.0012631234235323014,0.04158682397656188,0.0017258185653334186,0.2540795861781757,0.03552034184990653
0.0003365764535262196,0.001457983045068137,0.038141119072093776,0.0014609203798392988,0.24637189746371896,0.03757612404440029
0.0003861029175539142,0.0013317215275162996,0.03847500850889611,0.0013706006167702775,0.23479410867083386,0.03768624014022787
0.00033772396951468507,0.0012804345717334369,0.038491836855269114,0.002434946350015421,0.2405872498016048,0.0367301045267147
0.0003296389422309902,0.0011534424489890076,0.036907959776714835,0.0015442773264698786,0.2474041732693565,0.034866699197090005
0.00038941329188845906,0.0014640539338578215,0.034578928613849626,0.002804159503263174,0.24708001137452737,0.03303316119670522
0.0003689757937715845,0.001416249259869737,0.03773603148053254,0.0013479251580602715,0.2506686708371096,0.028106701366297983
0.0003726319831342959,0.001302206648356852,0.03708278194383179,0.0020782133962295272,0.23568934852776496,0.03499303621169916
0.0004182737943783485,0.0011623491851932212,0.037224801344308056,0.0012320328542094455,0.2409643993949929,0.04319869588842601
0.0003585215019091115,0.001635833445286508,0.04038244725244154,0.0015020528055008512,0.24644777685480698,0.038063015436667375
0.00039183982308657183,0.0011368733662279005,0.04007036164693956,0.0017056000535090213,0.2591590477645159,0.03336755646817248
0.00033748822438032464,0.001372578923288089,0.03796693811966152,0.0016789294355834278,0.23932755311403797,0.031994981179422836
0.000329988335982755,0.0016728135928053083,0.04073842879217364,0.001172466576560439,0.24894951192707998,0.03989727597908832
0.0003951134685777906,0.0009012791230631165,0.0389425260948343,0.0015514399301852031,0.2376676179247882,0.03811708651343362
0.0003570025407596209,0.0012309197574456837,0.04088671758286113,0.0017993844211190908,0.24888446042542134,0.0306044376434583
0.00035751997890656295,0.0014619423397365361,0.040019158649926626,0.0017760820944612552,0.22650396555107882,0.03862255232950709
0.0003006013132773449,0.0011731627294021955,0.03997293821753748,0.001984652024345065,0.24213012391212915,0.04077849860982391
0.00032631428020508355,0.0008904516187953787,0.03909494053618222,0.0015097124836447812,0.24566736959290936,0.03772629446765413
0.0003522726116370223,0.0011575860472295106,0.03744154518728389,0.0019047921395577705,0.2413944532648718,0.03629655054058692
0.0003369263759407319,0.0011998200269959505,0.04118585233136317,0.001491004274212253,0.24154743461223005,0.034607938044530495
0.00037750349912985627,0.0013914441644377793,0.04070609932815176,0.0023570236029724686,0.24911024329031492,0.0312472647702407
0.00033577235140582536,0.0012526096033402922,0.03900578079685463,0.0017441860465116279,0.24906521739130436,0.03827571649702144
0.00032531334646264637,0.0013983406357788758,0.03857702633012179,0.0018789247276383234,0.251753967713371,0.03548196333530455
0.0003242649978184759,0.0011227763764731567,0.0358472692484454,0.0015606710885680843,0.25516168820721835,0.0384825327510917
0.000350443129337147,0.0011825079781387629,0.03997946643219094,0.002070495439980281,0.26509820850420895,0.041237113402061855
0.0002946637801200049,0.001235888294711824,0.041355392133052254,0.0015714005107051662,0.240248352486248,0.032835690206208135
0.0003359303097302905,0.0012174252604256394,0.03835279655808236,0.0028070175438596493,0.24398027908614695,0.04486328643482878
0.00029825838671964245,0.0010860648634908898,0.03943161634103019,0.0015345268542199487,0.2556785932891881,0.03405130038430601
0.0003093208048055285,0.001376512352387162,0.034476515375306126,0.0017091152815013405,0.23572821094601887,0.03658689387294825
0.0003614391943744899,0.0013144048601684472,0.034895655148819704,0.0031609700027139644,0.24009772208021352,0.03828955936618189
0.0003094810915338295,0.0014756985766649212,0.038982021855783165,0.0020439282354086236,0.23341144961499832,0.047938286344016895
0.0003448364411411885,0.0014620109225366275,0.03915381198204684,0.001127907887522519,0.24501898065994293,0.04272844272844273
0.000395607663029624,0.001378998799320011,0.03961127469851939,0.0019393625961600619,0.2351349538227599,0.04228949858088931
0.00032940141631725714,0.0015397656134566182,0.03883674127786398,0.0015503124848602295,0.2409210481363807,0.030586450960566232
0.0003429855374431711,0.0010359197319165302,0.04107198079533721,0.001000733871505771,0.2460708084014467,0.03428728170430648
0.00031672082806473054,0.0011026953471730723,0.03560408260147164,0.0016419832582099162,0.24438656367882164,0.03568977350720659
0.00029912009737900964,0.001174889006879879,0.03643730513369445,0.0016908132480190964,0.24369934003632016,0.04599682467679746
0.0003249137035934048,0.0011742831979645759,0.04211048530656317,0.0015602145294978061,0.24500150205280552,0.028831769345845235
0.00031532808736524565,0.0009996009345106412,0.03675412995210233,0.0016420625593637811,0.2438916318521332,0.03427600207733346
0.0003878477288956503,0.0009421296841510233,0.03987706041266982,0.0014778810469966174,0.23799276793043014,0.03938309005783531
0.0003384663491700238,0.0008970621215519175,0.04043572373431675,0.00112349987232956,0.24265215239980206,0.03268199896247622
0.0003300832110768925,0.0013013067288402103,0.03784457708316972,0.0015470396751216683,0.23545548827406243,0.035994732478173926
0.0002866934511660911,0.0013424475751076272,0.0419138077127712,0.0019540155018563147,0.2442603236945753,0.038573785052658294
0.0003607536927645406,0.001198394151836539,0.04159602352479511,0.0015725846083281462,0.24438087454025337,0.03591369991512931
0.00030744199009112507,0.0009499169788006333,0.03719051537138156,0.0018219084491004327,0.23283741410367603,0.04207608969513731
0.00034831009211852895,0.0008675772319596694,0.03890191333282916,0.0014954389113204724,0.25944333996023855,0.03825828711184871
0.0003597995589366215,0.0010950859999603229,0.03878650754771296,0.001844600498365749,0.24617775491666027,0.03663035839775123
0.0003549803444379511,0.0013048790614360786,0.04055891238670695,0.002150152302454757,0.23051169574489241,0.03970157207567279
0.0003433816561213345,0.0010509189702551007,0.03674566819358693,0.0017315184454812177,0.25188287345064,0.033208907195263225
0.0003561160129629669,0.0012924703808871046,0.03639530344434101,0.002042437308521502,0.23929283414025015,0.036451353524524256
0.00034331906881816565,0.0013101641152944421,0.03929348651247533,0.0016242005887727134,0.2410373760488177,0.028219484882418815
0.0003113072890843047,0.0013484421944122448,0.03876235717036847,0.001192408333609354,0.2407872650876019,0.03834355828220859
0.0003668756367500843,0.0013409976708987823,0.04180358616550379,0.0019052394083730257,0.23887410534042947,0.03404547994669647
0.00035185736115675914,0.0012367766023646547,0.04023780625784287,0.001919191919191919,0.24317512238291009,0.03822177731264504
0.00029034179297503677,0.0010937821201531294,0.03779558815190065,0.0013625525150448507,0.24101368873715656,0.037883261412673175
0.00036842727315223895,0.0009252925150162322,0.0392637783915248,0.0022540180321442573,0.24409722977825168,0.04051772650534609
0.00033246689894585125,0.0011976704136268277,0.038082477296412086,0.0014341943811451245,0.2347799979984655,0.02745584398922294
0.0003153807525815993,0.001246423391996237,0.03961338542231187,0.0016836406252579107,0.23790363482671173,0.03409524617276621
0.0003154717804064128,0.0014361332700283695,0.04006478821587922,0.0011703511053315996,0.2442589411726092,0.04602383531960997
0.0003647588604635934,0.0011532824500844938,0.03620109837316428,0.0016291847687196523,0.24760515984296133,0.029810549777117383
0.000368213485133999,0.0011220263318094466,0.03763125850218828,0.002283142795691809,0.246988348364163,0.04094781908354882
0.00031674374516297687,0.0012777820800743437,0.04047651947334136,0.0018748766528517858,0.24912875275761742,0.037205240174672485
0.0003422853722236202,0.0008140954817700762,0.040428423443543714,0.0021664204825209256,0.24862620855410497,0.039643555748750274
0.000360600943644879,0.0011886790210039583,0.040490924193794145,0.0018991770232899075,0.2392582793236468,0.04003044821564501
0.0003311928462345213,0.0012634439575196768,0.040419445240442754,0.0010985718565864376,0.2388579853897192,0.03945500993471473
0.00032101258163360605,0.0010323105377790464,0.04176477513538968,0.0015692171894666296,0.24505534687364958,0.03912608881907754
0.0003695540913625081,0.0011812710631053532,0.0386212432273899,0.0013958357566592999,0.23231386396397402,0.036917098445595854
0.00033457091280432845,0.0012104286737103596,0.0365965407964568,0.0016173324123523764,0.2539740860412592,0.029368327777543356
0.0003613392219074808,0.0012808570097810898,0.04049751141246664,0.001294305057745918,0.2570516578724513,0.03278379651436646
0.00036385805457226825,0.0013316649255530426,0.038056710846683654,0.0022559709666345163,0.2303907707968105,0.04696082021237642
0.0003819499868036975,0.0012373734369236992,0.041666666666666664,0.0019649582446373015,0.24469683957402955,0.03255324317758523
0.00033842413730201956,0.000746257054461218,0.03985430233232208,0.0016102296945299552,0.24030439869231018,0.039558665231431644
0.0003305343701090602,0.001298104226951889,0.03859930859733728,0.002752519046448759,0.24483450572228715,0.030433086227077646
0.0003319234271093849,0.001240334731360194,0.03715454068615718,0.0020894829358893566,0.2466614647196522,0.037433386768337594
0.0003628414500740602,0.0015153718401053108,0.039161602230877654,0.0014788038120276043,0.24059818691135276,0.03750167418188312
0.00032283738187851,0.001304631441617743,0.03856117384168166,0.0010677711087023346,0.25004186342476303,0.03503054989816701
0.00029629251506292333,0.0007559473585748483,0.03744503673553218,0.0019061313893022555,0.24737606259767034,0.04488385318692856
0.00037900660446472527,0.001274040635604717,0.0357070753418372,0.0022282863186449432,0.25239681638511885,0.038546307151230946
0.0003344548888251832,0.001196284481140927,0.039604267942286484,0.0018584330475041571,0.24382207578253706,0.03877758286400147
0.0003662933977083173,0.0014546535226468438,0.03905195385225294,0.0018649086358356916,0.24945480584578328,0.02722869485534756
0.00033927302567628484,0.0011168891863739521,0.03895766099898849,0.0009560686457287633,0.25762382648106186,0.03946454212793552
0.0003127708382177981,0.0013562915559158476,0.036955930695271755,0.0018146685709485005,0.23669663669663668,0.03537831390376739
0.0003274362363254913,0.0013058188077478582,0.04020821751655127,0.0014845115956850195,0.2598653156271634,0.039413299739044366
0.0003854777435255644,0.0012961713674986925,0.03748501797842589,0.0020169358582382228,0.23783930879651677,0.0374042927074181
0.00033469596009037524,0.0009543650562726225,0.03516811576290282,0.0010985170020472363,0.24222113720094102,0.03720635495405785
0.00034128708610234505,0.0014907468874835494,0.04203940829094311,0.002086395751339561,0.24443628841213172,0.04062306398796353
0.00033919427858566107,0.00112182296231376,0.0357653242281538,0.0015877216194760519,0.24123662521281272,0.040946437390562564
0.0003421924381241912,0.001142021835457494,0.04038546981048245,0.0018328858305062946,0.2302302973416915,0.048132857947082
0.0003345872593461221,0.0011479807169252124,0.03645111190589342,0.001195318336515315,0.2458966667790098,0.03660609229964701
0.00037335167635271966,0.0011771541543732032,0.03828930015507022,0.0020026368051267503,0.2266568232154012,0.035985715593810086
0.00033351537765661187,0.001252735339583626,0.036722686234064855,0.002779662138685286,0.2397705034691336,0.031124228602092838
0.0003297379576423363,0.0012391810695968454,0.03636912470666134,0.002121708940109943,0.22979118945656143,0.027243872332921883
0.0003779923244415751,0.0013280625043686268,0.03799016597979163,0.0020502473314241085,0.24721832425444462,0.03613544474393531
0.0003369214557775109,0.001141858432857559,0.03728872805033516,0.0010830502633781324,0.23997034074440238,0.04029113595009098
0.0003300025183452576,0.0010744087767259182,0.041661111168090584,0.001866832607342875,0.2354171068874629,0.033406707238119907
0.0003542681118802586,0.0010668563300142249,0.03959024671764536,0.0015556635877491491,0.2576727464047702,0.03823466092572659
0.0003200010396968646,0.000877456482901456,0.04044657823396726,0.001646861276156032,0.23097772195412175,0.03572507226992277
0.0003767344656517308,0.0011715134782625675,0.037969609040928526,0.0009746747023181013,0.23640093853076863,0.03574374484465219
0.00032263307037035815,0.0010882652588682042,0.04118683238225149,0.0019843238416509573,0.24491404795795466,0.03807035550993748
0.0003476554010541785,0.00142641482520475,0.043389556610443386,0.0017868369676714868,0.25888958869306233,0.04536100921535296
0.0003176378296424627,0.0010810976591552105,0.0356718192627824,0.0016242555495397943,0.25526400318996934,0.03347134451950316
0.00037904955494229265,0.0010242006191758287,0.036690771021350474,0.000580046403712297,0.24713160608121448,0.038393084159674545
0.00033234242642763394,0.0013074899362895812,0.03802548703676578,0.0021171149497185198,0.2532875503630391,0.03388116308470291
0.0003655382669217179,0.001087442735728278,0.037890173410404626,0.001646462526835725,0.22649368681390203,0.03591253559878361
0.0003072552936918457,0.0011109396698040425,0.03931751830171794,0.002142857142857143,0.23766850914407878,0.036794307649096525
0.00032640967026367426,0.0012704500509378557,0.03889383570356425,0.0016518753643842716,0.25964958503490976,0.03379695827375537
0.0003207262782035018,0.00107586437733353,0.043418954294253936,0.00128513526872508,0.2258290752429616,0.038919472538727434
0.00034388374471234253,0.0011011531520508978,0.03691850441691394,0.0015670655066028958,0.23941076286744378,0.028632846087704212
0.0003145109805617048,0.0012508112573013158,0.04553835084616192,0.0014550863351225508,0.25330756652296715,0.032607342874922216
0.0003768030368027639,0.0012949301522523935,0.04015676816400362,0.0012903652726310216,0.24129098360655737,0.0335871025526198
0.0003917424877769455,0.0011592465685907269,0.03560704575008866,0.0017235843795941129,0.23463214727118975,0.04024265208475735
0.00039670038761236445,0.0012223454144416977,0.042706409399929264,0.0017347168235407498,0.2426424164552896,0.039847923384185954
0.00034843660794774275,0.0015820066715937918,0.03788802309365217,0.0017334851549089918,0.23706165637929866,0.03607550687485435
0.0003549440861281633,0.0011959613305836444,0.03773548421403745,0.0013230429988974643,0.24490468604076251,0.03411106562969027
0.0003179163379375574,0.0010747119499402288,0.03747077309868008,0.0022149137526008456,0.2583009368427761,0.031778839943159796
0.0002970987070305635,0.0012284917366546392,0.03620725921424732,0.0016936206953807324,0.22942280352573216,0.03427205100956429
0.0003087168431922663,0.0011743169965115878,0.03626479631825398,0.0011741300022830305,0.23009675583380762,0.039110535805094535
0.00034371446493682814,0.0009043492057196121,0.038723300898685926,0.0013425607748493616,0.2374991850837734,0.02663230240549828
0.00033853609325115177,0.0010340350729377702,0.03891714845785464,0.0017628623661530426,0.24272827380621337,0.03445860764812999
0.00033174931925306447,0.0011992324912056284,0.03788714634722989,0.0014512617915020559,0.23085292275229963,0.0408369740170154
0.0003647830847414461,0.0010839358402232446,0.033186108422071633,0.0015103458692040477,0.23016123221041251,0.03213424975453004
0.00033131434055469754,0.0015138254843058874,0.03637203905643123,0.0026373626373626374,0.24569299681281764,0.048748599178184526
0.00036187521144609615,0.0010370591516541878,0.039371369443391493,0.0024142440398350266,0.24210946863763486,0.03940248809138418
0.0003575921670355952,0.0009903752814905934,0.040294715941718656,0.001927586982362579,0.2495866160879292,0.04301566281565369
0.0002601825388485282,0.0013244520176593601,0.03585261594653716,0.001093348794831442,0.23764137755750414,0.03003058670868477
0.0002981259064699795,0.001250425826102639,0.036384738140142175,0.0016854458628546458,0.26778747620187054,0.034753943960442665
0.00038168746738392303,0.0013213848112822238,0.039374349502323464,0.0007954658446852939,0.25057229864538483,0.0374414976599064
0.0003793281517214303,0.0008787520138066983,0.0412424341950922,0.0017007369860272785,0.23309103802854358,0.03808695652173913
0.00035115215345349105,0.0011677104700813115,0.04432547854818878,0.0019622913021438036,0.23601345154387038,0.038978140637345275
0.00036704230619553885,0.0015113885488701978,0.042210931232386395,0.001279149857325593,0.24044803147845917,0.03968488014492143
0.00030048015941564783,0.001146105533397515,0.037951485591422675,0.001971900419028839,0.23480444273531342,0.03480308779275154
0.00036791388988194785,0.0012004340030626458,0.038884294413953836,0.002138171215679922,0.2574560285495794,0.04266900790166813
0.0003263411317224762,0.0013535173642030276,0.041530171679460284,0.0015763805645412896,0.24726572753521742,0.0337266680969749
0.0003305454316021905,0.0012519755323794105,0.040161113145367994,0.001644312612844983,0.2417019405200374,0.03376205787781351
0.0003576739895709795,0.0012794793624717644,0.03691748746221573,0.0015968860721592894,0.2503719955251925,0.02680402972147513
0.00029558008510794737,0.0012932504085495608,0.039150070183290274,0.001363747057391022,0.2562235430877547,0.03257504374747611
0.0003047135445849355,0.001036228755347961,0.0356440096699837,0.0008826413860738804,0.2235481761121757,0.0509241308000517
0.0003097494953571621,0.0013262085172058105,0.04343469766043785,0.0011902597080557437,0.2416957796474989,0.02993377483443709
0.00036029785113062007,0.0013307036095335407,0.036911389468800744,0.002004242312895629,0.24929146355288517,0.03756963337219847
0.0003169781127101208,0.0011182151156820161,0.03965116279069768,0.0013796275005748448,0.23288766740631445,0.0376226826608506
0.0003563239578033004,0.0008356998599428939,0.034937023701068645,0.0025214321734745334,0.23970805221720376,0.036611062335381916
0.0003137098574309079,0.0012762286655138594,0.03674661674294773,0.0022610348330438772,0.25562938555680836,0.034717662508207486
0.0003294915926817769,0.0012765203002186633,0.03888595409990021,0.0011776058618602901,0.23951076364776774,0.045448208559877315
0.00028315458675351034,0.0010638898068072828,0.03734156830797795,0.0023727137913989124,0.24784330985915493,0.028736403921042028
0.0003943668081230165,0.0010022725948371307,0.03820778413032558,0.0022401506420141877,0.2467029216847575,0.04267187282108492
0.00035602390727620785,0.001137238367482719,0.04087721318122431,0.001614123581336696,0.23504535084302486,0.04149704530531845
0.00031704601771710456,0.0013247853138085213,0.03780662934849506,0.0017557835183950837,0.2473978648004101,0.04084846239347907
0.00034209794176542354,0.0009327502979619007,0.03977411521273692,0.0026907170262594053,0.26929046683526714,0.03223062804959936
0.0003613609249858387,0.0012988239739290606,0.03747970665621676,0.0016701598113701862,0.2558779873943253,0.035538005923000986
0.0003659905210664242,0.00133518645761759,0.03835206141090361,0.0021564399137424034,0.23544168905268298,0.03381856914610332
0.00034097166256973456,0.0012085498981026556,0.03860757571155189,0.0013246832648347543,0.25520782236175155,0.0371974290012308
0.0002992058987767082,0.0013208222118268622,0.03772580301651532,0.0019150362261019438,0.23591356673960615,0.04384556897862634
0.0003571679548422481,0.00121033439366902,0.03583875464684015,0.0010852585710762147,0.24304955869323852,0.03478895511494952
0.00036786269281695175,0.0009189083055173768,0.03415454074602507,0.002488752751986216,0.2522726530434498,0.029986492570914
0.0003581985154825142,0.0011286465071461752,0.03723156165716951,0.0010909271227623597,0.24211695610571582,0.0338594237474766
0.00032247751758132865,0.0013133287507632284,0.04020855604187257,0.0017796819642415752,0.2570880140973599,0.03166757424705735
0.00040874170136084625,0.0011766643917821757,0.037747765973719656,0.0009787289573274175,0.23587373167981962,0.027293404094010612
0.0003096905300629931,0.0012633992458598328,0.038270901509154256,0.0010087886893389378,0.24402956676160936,0.038880706921944036
0.000379092132215451,0.0013528012315156038,0.037991036992518205,0.002069611208751499,0.2346638792709218,0.03923757875428663
0.00036676590058493634,0.0013075417422795605,0.03631549623082674,0.0023669856951734074,0.23949678239630617,0.03814105317412594
0.0003336466633269623,0.0011346757703384722,0.03981942825734018,0.0016450020965712996,0.24096467855434855,0.03054662379421222
0.000381268007625848,0.0010161193478361277,0.04084846239347907,0.0019263264616424468,0.24611189878939907,0.030739407366380502
0.00035616698301500424,0.0010953250257956981,0.039529191948189706,0.00141975830305079,0.25034487288970636,0.03331945022907122
0.0003308493290242693,0.0012504631344942571,0.03235043511055859,0.0011993603411513858,0.2538463992174292,0.03398876404494382
0.0003189998080263306,0.0013292928837769942,0.041800528124952115,0.0015594288591803253,0.22917728616576616,0.03353183692166743
0.00038891864122603574,0.0012374185669398962,0.0398478642480983,0.0011433289929177121,0.23831054009893232,0.03830560603942402
0.00031460822303122643,0.0012851307314535746,0.03709118891881493,0.0018579484337820657,0.22730454022080238,0.03454570987220896
0.00032741166427268243,0.0013197327541172913,0.03840982704882968,0.0018609814228345686,0.25387255764830136,0.03250478011472275
0.0003527867316688341,0.0009739356274928114,0.04281827152126462,0.0017766079947359762,0.24335617952686267,0.04079377894871032
0.0003134688753788879,0.0010718724699818694,0.03635484335982367,0.00173507912282111,0.2464398645466574,0.03631028791490922
0.00034510457263558743,0.001256763833129691,0.038524475664025865,0.001579778830963665,0.2293623554913295,0.03586113348310797
0.00038865971629181337,0.001188805415669116,0.03847439217979781,0.001360588292461693,0.23164824518913207,0.03236719392886532
0.0003100396526650844,0.0011295267513427537,0.03672005064834572,0.0017472618142401837,0.24410872231906516,0.0356359649122807
0.0003486442954076861,0.0012443714129598093,0.04077147475066031,0.002317870134887165,0.2532712591525369,0.035698188046515825
0.0003297367736360729,0.0009162421541871092,0.03783294283373342,0.0020131863707282703,0.24605245987211277,0.03613319688262615
0.00031688075735995726,0.001086713577753971,0.03952738155388861,0.0015049412236844304,0.24472359590250797,0.036368292995261876
0.00029843772043867793,0.0016783415149199048,0.041012007885775734,0.0017379155236748396,0.2343529720337038,0.03624313100381727
0.00036833499206247254,0.001264807850843017,0.0399523312974825,0.0020170779264438916,0.24099086959802518,0.0360988795396085
0.0003340052781351384,0.0010131195049065613,0.04280175756009305,0.0017843866171003719,0.24359197150056477,0.042354934349851756
0.0003670271107105055,0.001332876050321917,0.03705961233694989,0.0012316632190623568,0.23447204968944102,0.03060840476688271
0.0003342762003117797,0.0012908727473292625,0.03690015507920634,0.002173447713763522,0.23539806761067633,0.03683887378300149
0.00036215183442229624,0.0014112203585887797,0.040176295985368635,0.0014193264957842624,0.2509760548581541,0.04144385026737968
0.0002845492480405028,0.001627410701820865,0.03783112582781457,0.0019189867749828092,0.23297818366311518,0.03861647451034866
0.0003869513851977133,0.0014281199152492772,0.037839518490502995,0.0018879501581158258,0.2378509227621812,0.03995813909237941
0.0003347264025803654,0.0010727945520694051,0.03695817711794121,0.0019686739081630888,0.24791997151089384,0.03707175728651781
0.0003707594614006291,0.0013101540771841649,0.035385193242959787,0.001481822971548999,0.24182948093172976,0.03872551247670561
0.0003475941181769952,0.000995602754500954,0.03988909667941821,0.0016433324203708778,0.23944202424215066,0.03796667369753216
0.0003451204110961111,0.0010816318532742878,0.03709122832687102,0.001824700685063064,0.25488479968492217,0.041633518960487934
0.00034533728395312786,0.001303327830393605,0.038233804779977634,0.0020613834173156204,0.2470968514306237,0.03651710350955131
0.0003046843262049354,0.0009634058691297233,0.037770328938069184,0.0015514148580293798,0.24778201634877384,0.03874131589701675
0.0003723202270038507,0.0010190138724843097,0.039147154569012424,0.0013990206855201358,0.2485870793844014,0.03323725454872996
0.00027798236729498145,0.0012088910515451376,0.03806128069107459,0.0015316867700555237,0.2528537254088064,0.0379781671406293
0.00036161832317583545,0.0007935180467008709,0.03897239078889202,0.0015518161097909898,0.2500626354832736,0.035185853482497295
0.0003840984710295575,0.001395154164535181,0.0404893988904932,0.0021832977720438644,0.2461880594057226,0.03447347158631835
0.00036222214106248704,0.001131643987944848,0.03689081051932169,0.0021736982511609527,0.23659390999730534,0.029922103614557143
0.0003781324963228064,0.0012526589458756795,0.037704902122538506,0.0020064540940023744,0.24511791932995375,0.03277504401607151
0.0003369091478707067,0.001145649454647479,0.0356213904686329,0.0014276423280087562,0.25603115408732385,0.0350561797752809
0.0003271784953614797,0.0013849765258215963,0.04105460198610362,0.001581131826866065,0.23493675376650444,0.039653728008936046
0.00038077827873874033,0.0009716484054696694,0.03956719953813382,0.0015742350201698862,0.25161540449728614,0.03361125586242835
0.0003224722924336644,0.0011554196649282973,0.03787349414428264,0.0016315301193256342,0.22542637080506145,0.03434277827393034
0.00036795411138626705,0.0012096586591399017,0.0379016333215975,0.001672569854388036,0.24195147749057977,0.04265088966400282
0.00038121862888366477,0.0012334330164418949,0.039923807959090424,0.0014391940513312545,0.2373959531704676,0.034667664297293926
0.0003387771631547553,0.0010812504896967798,0.04103386332932496,0.0020258977259298024,0.2518214599173073,0.032657470500249294
0.0003815552438211591,0.0013370739569032414,0.04007139494743449,0.0017624596103005975,0.2598284295118592,0.039192235153410915
0.00030376815306799344,0.0012383418680270255,0.0372972972972973,0.0023062878375348346,0.24516381163290563,0.035790139635772066
0.00036405972797161443,0.001336485667949745,0.04089589699866841,0.0016762255345023087,0.2393105953049163,0.0327853137132723
0.00037079543482803994,0.0013764733802705481,0.0379554436096756,0.0019208912935602118,0.24163094342092345,0.03998926462694579
0.00035407217408658183,0.001142775516034569,0.03795274596709597,0.0017655424956270129,0.24816087373307627,0.03443328550932569
0.00026505380155869085,0.001141769743101808,0.03597859273732129,0.002238442822384428,0.24031667102852658,0.028141637792613874
0.00037275209367366335,0.0015952958040637655,0.03724082499392219,0.0013867564756574711,0.24388772806582942,0.03340094075001079
0.0003269297456009655,0.0010657236626984608,0.03360981510281666,0.0018905786165608054,0.2445774855236039,0.03301928326142467
0.00032520205973525545,0.0013328916343511897,0.0375182718856586,0.0016753445132467193,0.23874108657802226,0.04130162703379224
0.00039022791309394826,0.0011205310071939647,0.04128328807101455,0.0019680842340052155,0.24001828710758916,0.04437869822485207
0.00033720202851479435,0.0012963513112053367,0.037963778661436104,0.0019833461883549245,0.23537690210220774,0.038344262979825405
0.00030135619419393157,0.0012469365748456035,0.03466040324825306,0.001866068651683554,0.24706977156404403,0.03516423606378629
0.0003410116152345167,0.0010506981305356225,0.035618555327595856,0.001666312711352164,0.24525941532789042,0.03381093831906343
0.0003142167475015554,0.0009604533339736356,0.03951878289570049,0.0022150624244865083,0.24775768101369955,0.040522287257991896
0.00031632590730996447,0.0015553664009904822,0.039093217763048235,0.0016527854295621737,0.23772222600640286,0.03368292789068279
0.0003737223789146385,0.0013530905287551178,0.036933797909407665,0.0020994369691764484,0.23511025039921177,0.03292712452586555
0.0003765694522896414,0.0013924837346885794,0.0389943145925458,0.0013999720005599889,0.23432807280008097,0.04365025235302142
0.0003296479257481798,0.0012002261964754897,0.0368982226371018,0.0023629489603024575,0.24513278306118785,0.03360298693217175
0.00032995665620451473,0.0013459257231499223,0.036735537596834365,0.0014286929160642911,0.2549876660752153,0.03594744236013553
0.0003822752783000261,0.0013126335007935465,0.036536506607666094,0.0013034759358288772,0.24274046679999556,0.03633101592285266
0.0003769472411443271,0.0010612731432526482,0.03570008394821721,0.0013433551895090357,0.22614232291405456,0.0314176245210728
0.0003049592061948605,0.0009991867084930871,0.03756791720569211,0.002125295850842873,0.25277420609623014,0.02530773865886201
0.0003334551445174387,0.0012315708449286518,0.03774845983959084,0.0017828548789144394,0.25335904785244695,0.035098441524424845
0.00031144682924820336,0.0012028173683743845,0.03909528584803882,0.0013402259237985832,0.23797993773780698,0.037742308186058456
0.0003829106419201614,0.0014832654167896077,0.04339635030228952,0.0015651748593788213,0.24642020307211665,0.034734665747760164
0.00029245631916561296,0.000998502246630055,0.037428552085650456,0.0017677098337043344,0.240550828481863,0.03900411267854774
0.0003111237784849345,0.001542969358810511,0.037132952412271686,0.00165000485295545,0.24507817187623823,0.034840753123350346
0.00032269278895479756,0.0013888674557491396,0.03767344884607089,0.0016209773539928487,0.24811655769805185,0.033912603340644505
0.00034761207000450373,0.0012313506522673504,0.03849676662140704,0.002109598673966548,0.2320635585282807,0.03947729141917207
0.0003367800474402966,0.0012970729387349216,0.0385012312628363,0.0012770346600304524,0.23647851914477053,0.04167343623070674
0.0003819174850112905,0.0010903354521412333,0.036442875595302654,0.0018140156578193623,0.25819176410334643,0.03361638798914471
0.0003433945616353799,0.001061881530956155,0.04113988729597944,0.0019690530495709104,0.2505390446128882,0.04710075130032749
0.00036647959639817625,0.0010103106509455019,0.038880487865341234,0.0017744187956953913,0.2458372433057635,0.030028305369815808
0.00036249019538257745,0.0010293079853245634,0.03977093647414792,0.0015384861936890014,0.24983280891978119,0.043388156444287666
0.00033454461414997636,0.0013089260184106677,0.03774639174229082,0.002176278563656148,0.23612872809725327,0.038416612589227773
0.00029002278181452157,0.001271435859200251,0.034454470877768664,0.002002302648045252,0.24265707168557982,0.02931847406772396
0.00031446778503630253,0.0011824259051740793,0.039772111223916495,0.002002235830010178,0.2454872115578262,0.04014261191073551
0.00035032712849011893,0.0012016917935446373,0.03494007371078674,0.0025044952478808116,0.24107083249883168,0.04179430154001091
0.0003382191513797491,0.0011556240369799693,0.03462770604795651,0.0018053400057010736,0.23979721752818353,0.034917301128905225
0.0003433285772454029,0.0013948223888048355,0.04079431837438954,0.0018494784146400817,0.25687360341979987,0.03931203931203932
0.0003156622057045521,0.0012580911960797256,0.03707383265889651,0.0022587773140191505,0.2426704344754504,0.039002387901300076
0.0003707224596023443,0.0011988434686537692,0.03437553422999265,0.0015852571088873478,0.24403608130204552,0.03645230616630848
0.0003269164525981575,0.0007690544902295123,0.03909290669117753,0.0023175749433201782,0.2501803305162298,0.046155959521956134
0.00031259426517936536,0.0010821929373479365,0.039437428243398395,0.0009617850730956655,0.24928762439174085,0.0261349858547757
0.00032509812168364386,0.0010705916406618635,0.038374076179647526,0.0020772883144289105,0.25135171068959405,0.031662926950885066
0.0002845198002554872,0.001296033744005844,0.03866567770895745,0.0019115970219330605,0.25122701393887836,0.03774432711750168
0.00033958805840043866,0.0012830666877871062,0.03563088009608327,0.0016986976651234052,0.24651728859235433,0.04012652507907817
0.00034813318742033683,0.0010277492291880781,0.040922827448957026,0.0014469453376205787,0.23260301594700955,0.03265875785066294
0.0003306527833409911,0.001255001607486627,0.04295741834633479,0.0013634592910011687,0.24418452120682116,0.030200889847647294
0.0003020846907768461,0.0014135640352232349,0.040020310874698664,0.0018334164267678798,0.24551346773930888,0.0408424322719174
0.00036581684035620865,0.0006641261207128287,0.0386803638863702,0.001162246363944535,0.24547455566871446,0.037417175522931015
0.0003820678682077304,0.0010024673129601926,0.03841130372833056,0.0017715082424341834,0.24020357370059936,0.03721374045801527
0.0003516444214723564,0.0009823680527671983,0.03865987308161529,0.0016156112395856433,0.2414598668841187,0.034223739706768425
0.00034240877596912955,0.001337129551715791,0.03848223255991125,0.001853537981269511,0.22727170515616918,0.032281597665511585
0.0003402992808452113,0.0010623188573144118,0.037693356249629585,0.002725945156579588,0.24507023819911,0.043356584937972516
0.0003630864919817211,0.001121884142089743,0.04091065643733871,0.002277190145377139,0.2551483161103264,0.032353188979695004
0.0003064919475364649,0.001040172731714236,0.03635386017056741,0.0007828043967513618,0.24430942823044371,0.03250011099764685
0.0003085992510192819,0.0013019754518446625,0.03520836465390566,0.0017304087289506994,0.24957628526802034,0.035873229939312204
0.00034480080531060773,0.0010569210714830952,0.038883276248675554,0.0019288034650785056,0.25709120647355055,0.03399209486166008
0.0003721372734477223,0.000988968294147427,0.03803467982601572,0.0018473804469364276,0.2506498450160422,0.03512370208947571
0.00037160508384339707,0.0014342310993028695,0.04216415562793714,0.002522843050052559,0.23919845549563945,0.03519696764586436
0.0002927901963778729,0.0010553924691884032,0.03816132688566946,0.0015527950310559007,0.2528108285121712,0.03963401026556572
0.0003095872306204882,0.0013830708943063583,0.03913182285780888,0.0020402545460433638,0.24095710717046231,0.032334494773519164
0.0003616151414656885,0.0012522803871247024,0.03684459140292867,0.0019737432339483837,0.23642854759600948,0.03599114064230343
0.00036451103960764294,0.001050140399205546,0.03848188120934887,0.0016623207301173404,0.23412675912590863,0.03352847259180415
0.0003513570064089645,0.0013538423882697589,0.03969029542208524,0.0019338307575781995,0.2456884215435822,0.03511860229723188
0.00029917748271771647,0.0011149550261935356,0.03924406150330842,0.0024332955947211003,0.24889295394465327,0.0351848376806155
0.0003413579274879823,0.0011475275465158488,0.03597833432516668,0.0018099834878699352,0.26361346849802125,0.03451557093425606
0.0003114501707158103,0.0012900401085197376,0.040631638215647636,0.0008961465697500746,0.24055711944876262,0.03403212632725293
0.0003612841510218997,0.001404906855469215,0.03906639561198266,0.001440253484613292,0.2497684849431533,0.041113166302337315
0.0002646717325301031,0.00115233924867481,0.039253363972682115,0.0024553936814535934,0.2516394593835417,0.04684282772820865
0.0003451350236441081,0.0013773461574376692,0.040548592910536335,0.0019078859285044851,0.24631360780673156,0.030804037591367905
0.0003082276189313209,0.0012034167597413832,0.038596946153769435,0.0014615846825925265,0.2441716727028258,0.0283322601416613
0.00029188253309375147,0.0013310180758374323,0.037713866111859014,0.0022447419360085885,0.23840755055786095,0.03335291725041804
0.00031093733007019444,0.0011621609869671948,0.03826781132195014,0.000956907275684986,0.23916925722600701,0.036995963270194734
0.0004028267623761992,0.0012601245859024553,0.0391633203013898,0.001891300019908421,0.24097712693578693,0.040231874026648205
0.0003527381282065658,0.0010885126421278056,0.040375036624670374,0.0010173457449514217,0.24028527627807772,0.03218916099547961
0.0003149080201521351,0.0013238457719675658,0.04123556529965612,0.0023605396455912003,0.242555447556773,0.03620920876173447
0.00032568607429305115,0.00112021228420024,0.0410731022705525,0.0010940193608274763,0.2344849253279176,0.03799267714839544
0.0003767037936995366,0.0012441947360390003,0.03609419501238799,0.002364105005664002,0.25353247189125694,0.03461213769815214
0.00033952117937469773,0.0013893069673744413,0.03917496955054609,0.0017762865742339765,0.23148643571908334,0.033301746311087045
0.000334074305452362,0.0014918704714543796,0.03769595735406844,0.0011337868480725624,0.24687218721872184,0.040124460130961784
0.00037250707681194624,0.0010169138974380704,0.03394553890395932,0.002396844155195659,0.24758945908460472,0.04281091844354103
0.00035869596376386734,0.0011695068977039477,0.038754158519520715,0.0016317650258362796,0.2406614004552149,0.031256840169855096
0.0003726631371132595,0.0016234487381926411,0.0387034202670142,0.0018256650064859153,0.24458564822515722,0.03005181347150259
0.00030609157307253233,0.0013380151263743948,0.037593007440595246,0.0013914887272847747,0.23412929528246945,0.026619343389529725
0.0003323242396096298,0.0014107522836552591,0.03795322275210438,0.001275114024619509,0.23937170701659827,0.03679970706700843
0.0003257626752428677,0.0011455209335995609,0.04003453003605342,0.002325055704459586,0.24745243235382947,0.03921217547000895
0.00032225010075601903,0.001494277864526713,0.038135020209457124,0.0014095977947625612,0.2570246509222548,0.03843074459567654
0.00030614058229146406,0.0012066246056782334,0.0391152937274574,0.001390728476821192,0.24472658202539238,0.031425272187396894
0.0003390084245042243,0.0009292384890582169,0.03844026415657001,0.0015980290974464827,0.2442041186374822,0.03700344639941955
0.0003299848016966749,0.0008913840692464677,0.03772128323771935,0.0014515426672902924,0.24213410883060232,0.03536888643271622
0.00037873877199622746,0.0012496395270595023,0.04038514389859356,0.002122425353335584,0.25152992974436217,0.03546284224250326
0.00035262869246641343,0.0016441766785282271,0.038622270153680235,0.0014946938368790791,0.23346047612784426,0.037926048337120426
0.00033336887648737775,0.0013205470837918565,0.03472116736817863,0.0016036349057864494,0.23575651631723693,0.035636397382952066
0.0003561037468236397,0.0012133232223064806,0.036775222938816396,0.0013668093138291815,0.2533956413503953,0.03977840341476705
0.00036947545363173707,0.0015911705633445783,0.03604230925772457,0.0021229276182773956,0.2478533302390346,0.034404912407440855
0.0003181330259244305,0.000991830850552619,0.0361677678827923,0.0014641764820719724,0.22716470941097755,0.04420647995606809
0.0003748601766092698,0.0012406341520265571,0.03694874851013111,0.00176808604685428,0.24525431576162446,0.032696799010853136
0.00032010308961039763,0.0009865848523130604,0.038443935926773455,0.002133505737837401,0.24377917236626395,0.039837504914165905
0.0003187232399201952,0.0012960712839206157,0.036397841078856956,0.0014911772015574517,0.25061008676789587,0.040337918528019816
0.00030696862054458134,0.0011182932148947138,0.037260537283640295,0.0011406121285089665,0.23166412624405988,0.031481481481481485
0.0003275535482954833,0.001739171308373875,0.03904593210880062,0.0015081297619982718,0.2345025149062323,0.036974137512737155
0.0003538873056852622,0.0011762128253323956,0.03633878841209523,0.0022813688212927757,0.23985822458514577,0.034230700659654126
0.0003491834043120402,0.0011715821044738814,0.03765426193437291,0.002238224990268587,0.25207588671982406,0.03663379018829256
0.0003622160731304964,0.0013501559662926579,0.03531181780636026,0.0019607522752896193,0.24887982794157185,0.03384234420140322
0.0003395672525723132,0.0012960541043677022,0.03823285843924645,0.0014508172937421414,0.24049918682996446,0.030650629266706916
0.0004022959410738558,0.001184076538707462,0.03839286151076497,0.0020708935905843374,0.2607998217667372,0.03567609188518629
0.00036567610658049313,0.0011144703301914755,0.038939231199794255,0.0015946843853820599,0.24011381117061265,0.03911269521174319
0.0003240454449187601,0.0014143834293001507,0.038693388656202296,0.0021985024693324836,0.24916655554073877,0.0363147276395427
0.00035953609193938935,0.001304950656553299,0.03791766642688514,0.0020928146696342557,0.23553609341825904,0.0416934757431476
0.00032076931542850633,0.0012184263554993204,0.03758386634237532,0.0016984996586348728,0.2539991046373235,0.0335795836131632
0.00029735168179385803,0.0011676403362498903,0.037700890159906554,0.0013886592825260375,0.24598535241550765,0.03685912240184758
0.00040488095335490743,0.0013933442229350757,0.03641708809314052,0.0017165937394816562,0.23961041097693397,0.04345983432864574
0.00036688267468542766,0.0011799270805064248,0.041038501253872255,0.0019458407653640344,0.24117732704649053,0.04330566582461205
0.00037815612619368185,0.000812743823146944,0.039369298879832024,0.0021420192781735035,0.23499915297306456,0.041592651964819545
0.00030473125453126166,0.0012872322166918911,0.03871587962828094,0.0025809867310810364,0.2512395262736268,0.0462291072156543
0.0003354583117867138,0.0012779899154977577,0.03913905912307191,0.0021044192804890267,0.25037487970278194,0.03854448676180425
0.00032609158828150335,0.0015270649118274264,0.04176754502428891,0.0013044568943891628,0.2429085190281809,0.027864606591051173
0.0002962634655471676,0.0009286164775255466,0.03943437562238598,0.002389181784878072,0.23608195902048976,0.03575399119491261
0.0003308324498325893,0.0010329669488834392,0.034911902460783586,0.0018537188201242318,0.23141770896468125,0.04310186037944373
0.00035917668202404163,0.0009567219439345384,0.04124042910796174,0.0013330794134450582,0.24056018028790874,0.04037210982658959
0.0002884155192414881,0.0015800847359167202,0.035080936057449746,0.0014802144666293871,0.23641533395520292,0.037631232104712996
0.00031215984805998953,0.001438424806932736,0.03896006817264423,0.0013674100602311574,0.23953431628847294,0.041797638263529016
0.00038132556979714633,0.0013815928125951308,0.038760448681557466,0.0012925248976751124,0.22535923088409276,0.03424482494249936
0.00037319579881964633,0.0011938435128650293,0.043007458914704935,0.0017613386173491853,0.23184948462888777,0.03833690840217242
0.0003175424071238761,0.0013737941140554402,0.03933551385780685,0.0020752106653251163,0.2589151932873839,0.0463579116609352
0.00033786114543942744,0.0012907091986078779,0.04165846278199774,0.002013390645723143,0.2435141634920297,0.036526754245434154
0.00032722616660145677,0.0014668364832201002,0.03770919917488899,0.0015930437091367694,0.22958101968702677,0.02725535979622161
0.0003708196478151051,0.0011584928559607215,0.03935918329694659,0.0021860095389507157,0.2509253891093966,0.03788456648868548
0.0003588419272077092,0.0017022136550180326,0.037503490234690726,0.001294176207068193,0.24853862098463497,0.030882352941176472
0.00032292593520354276,0.0012230737568356886,0.03479010925819437,0.0019280825219319387,0.25347083202579723,0.03577584199003121
0.00033247539465433514,0.0014510612324807389,0.03663165505191493,0.0013203778311947727,0.2406061475003033,0.03824521934758155
0.0003208438589594162,0.0014105889806701494,0.04271873382146291,0.0017423008050075014,0.24714895865439657,0.037006685356911796
0.00035570790693370145,0.0013717961857758927,0.041878465804066546,0.0015842107000231032,0.2278430503214365,0.03806327507878689
0.00033579605937643104,0.0009950901173666367,0.03514625422362971,0.001947072090344145,0.2518561011395854,0.03131097699323865
0.00028618686886072877,0.0011667386155479588,0.03940614145636738,0.0014027587588924884,0.24610400129596632,0.04167216141368851
0.0003340063119100287,0.0010632068784862398,0.03736276536882262,0.0017561546716966406,0.2533345052626953,0.039624146795496855
0.0003561291934440816,0.0011563103474043978,0.03980946910805003,0.001681337157551182,0.2372043769855277,0.03362135340918813
0.0003383017907709372,0.0008897332002741341,0.041150383146519406,0.001617558438263186,0.21586213160165296,0.04020224441978049
0.00036869600940137877,0.001358328699658432,0.03472760737342689,0.0017097742092294283,0.23991459351040084,0.03463644467082644
0.00034628351809516244,0.001082105731706849,0.03394929927404014,0.0017411491584445734,0.24396291623237698,0.03310986455055411
0.0003104900505541973,0.001382021802585334,0.03709147374640487,0.0025936599423631124,0.24178545211512967,0.03865943540536782
0.0003865376275625929,0.00129525189951004,0.03631894210636262,0.000569584203531422,0.24081964112889767,0.029441669245391447
0.0003814430843238198,0.0009345645089143075,0.03788861530328025,0.0025143566661493095,0.2394112837285364,0.04415328008615274
0.0003485744381327402,0.0013428368756662028,0.03687725658225807,0.0008970099667774086,0.24628491529281693,0.038443222650331184
0.0003565308892287393,0.0013120437665993417,0.04053603708229401,0.001302387710803139,0.2464210279277165,0.03438992618323925
0.00036361128928917835,0.0010712663843595108,0.03918595129052804,0.0010756368258935118,0.23144968029066493,0.03651789007746219
0.0003561939460057667,0.0010553403663866446,0.037248134328358204,0.0015455701704957094,0.24044858814890635,0.03769086157091109
0.00031113476277591016,0.0013206672845227064,0.03968358409732275,0.0014785608674223755,0.2396941197152149,0.027127659574468083
0.00037190459721855276,0.0014519622958178023,0.03768981410883905,0.0017742362224331936,0.2518936962382848,0.038144813756026796
0.00034416292070653127,0.0011899762004759906,0.037168435513821166,0.0013152569809793606,0.24207205711439483,0.04165884781384875
0.000362650960071994,0.0017310754979727185,0.03966768742202563,0.001592033588787089,0.2361185614663821,0.04418811002661934
0.0003585559151453922,0.001073487199831976,0.04049269134158521,0.002087233090927162,0.25790389742007974,0.03232613478202308
0.0003399681286011618,0.0014558356735427723,0.03909097060444075,0.0019741387819563715,0.23689189483069828,0.04519458780862045
0.00040476811009692595,0.0011612383382442392,0.03836567926455567,0.0014936519790888724,0.24769615587151134,0.033806507971172746
0.0002868293917380148,0.000999056446689238,0.03919916939291242,0.00157578543055054,0.2430789104434397,0.03024747937671861
0.0003437378762722017,0.0012231073198268833,0.03811218052527518,0.002332736062747219,0.2471297081914745,0.03815362093416899
0.00033060274647425723,0.001209217961537567,0.03886588721800756,0.000888479383987627,0.22843697478991598,0.039541320680110716
0.0003279484337708199,0.0011109310991274561,0.0385922432208817,0.0014746120950960956,0.24476980459834105,0.037999082147774206
0.00038196183696124716,0.0013748747465802903,0.03638598529771879,0.0017124150088139007,0.2463612583003555,0.03317922219200435
0.000336233219178516,0.0012976123174521267,0.0401953735154836,0.0010166045408336157,0.24900556019205966,0.03960670267276001
0.0003602757480699514,0.0013114293408896642,0.04315301453617848,0.0026098303610265334,0.2612436197874868,0.04007997818776697
0.000301884351989915,0.0011639139178767676,0.03944472075993874,0.0018713987885155211,0.23846015551260732,0.04417905086876487
0.00034266510141552347,0.0011921556160464145,0.038507929417020324,0.0026169447170428526,0.24337891639259132,0.03761500992242468
0.00034190920799937363,0.0015262244115153228,0.0385102228078018,0.002096157045416736,0.23846012117008247,0.034123720360486484
0.00031869317586855273,0.001200150607135013,0.03913753494422763,0.0021757046316136473,0.2530648750054535,0.03699070764832023
0.0003218035415917808,0.0010752520608997833,0.039831471176106865,0.001559884958484312,0.2586032274763116,0.04348862715178103
0.0003558721269739936,0.0012176987834720807,0.040465657038457475,0.002156017248137985,0.2565850226463216,0.035814956060354834
0.00032520732738778446,0.001663043607379162,0.038219015615734334,0.0022995400919816034,0.23195136466003102,0.03557105492589363
0.0003652157047632349,0.0010653573579137523,0.03965213337800632,0.0017866300517791855,0.2329061764173157,0.032026114958754244
0.0003081298900675067,0.0018477866043367709,0.040373246957716394,0.001054464699397677,0.23701345680798724,0.03756432246998285
0.00025863045568128804,0.001154285579675151,0.04118766258598468,0.0010791543354207885,0.2355773557735577,0.0375151815033062
0.0002793254241481039,0.0012541558702776892,0.039797018006303975,0.0014763052999360268,0.2438905397613873,0.041967956897773995
0.00029193937037429873,0.0011764894195985531,0.03760004606437496,0.0014753614635585719,0.24755376315021244,0.0370207139709123
0.00032139258909153086,0.001361310613528611,0.03670894506979267,0.0019129763562834561,0.23410761923352202,0.03384018409060145
0.00034143904012501884,0.0013186203067527239,0.037637549441182944,0.002053823208202253,0.23325498757978455,0.04355216612303028
0.0003767897742468205,0.0011208362683935848,0.04175587254631603,0.0013850415512465374,0.22862137068397992,0.031882332936575414
0.00035410645573488817,0.0012774402530548311,0.038627354532565605,0.0011852437157390489,0.24997815258236478,0.03440061371986918
0.0003277591415231716,0.001561027913228923,0.03986527149540875,0.002209981750908269,0.23324457968809437,0.028636989444699404
0.00029290269146256813,0.0010976906570517096,0.03692863523965115,0.001387787470261697,0.24078543936329833,0.03395291201982652
0.00033219542212835357,0.0009330933209957661,0.036421414059925133,0.0023208587177255585,0.24029307342665251,0.037923719641542925
0.0003261668637712154,0.0009678333123504973,0.040397204854726004,0.0015297797117215122,0.229547930888795,0.039981826442526125
0.00036126588302689937,0.0011917047999221108,0.039966333269648824,0.001541326825508959,0.23504083950884405,0.029550533896200645
0.0002970613645782302,0.0010051246126082222,0.03691696799378483,0.0018424837974560793,0.21996233521657252,0.03675970047651464
0.00028852638315074095,0.0015893097177196171,0.03856299212598425,0.0017360224661730915,0.23702535803442387,0.0335043017868961
0.0003459419640307478,0.0012997191818858531,0.04025216496218038,0.0011654257041113628,0.2449743287039615,0.038926117205173076
0.0003520117489923525,0.001165524267880292,0.03929930989556826,0.0013066858760658704,0.25425073799371517,0.04268962185427555
0.0003386756401864549,0.0014161352881245255,0.039582356180027325,0.001292439230501566,0.24944466222396444,0.03296275468270104
0.0003330050683371401,0.0008785746511425427,0.03655774989762843,0.00175051867219917,0.21859447878774352,0.029492725127801808
0.0003037397589200823,0.0012079819731920923,0.03571238619275792,0.0014491120163588646,0.23793889037791477,0.03473986753863457
0.0003728768591265976,0.0013165370373998393,0.037393356326011984,0.001533089174686994,0.2484055493457821,0.030678610872499693
0.00035026616448650277,0.0016389354045676418,0.0423594058210217,0.0012899811464293983,0.24098085320792745,0.032335329341317366
0.00035859169404844795,0.001027121453221232,0.039917208752217624,0.0012167347830156303,0.24415980886647198,0.03226415094339623
0.0003473344633864964,0.0013087396044433692,0.03787405541561713,0.0017442142153458549,0.24607824607824608,0.029819838475874924
0.0003308838127227032,0.001460031634018737,0.03764866113772892,0.0015840799960398,0.23650738312396674,0.03305178112376056
0.0003553260261766538,0.0014206144351505035,0.03938024210227301,0.0019517874263799478,0.25506484699499876,0.043745607870695716
0.00032711538566733786,0.0013415595440213436,0.04067846753118683,0.001955352778230406,0.2415511708882365,0.035422957321195186
0.0002800424623634748,0.0016628687565436963,0.03972692133929019,0.002081062332771777,0.23646144917183803,0.03370503898717196
0.00033208351467135447,0.001239785415756971,0.04274878640776699,0.0017436791630340018,0.2382273918379532,0.0417331206804891
0.00037018068926629466,0.0014695876990066677,0.040006726875230096,0.0015340364333652926,0.2578125,0.03170196570098061
0.0003178933124268362,0.0015030589598362292,0.03818200682809698,0.0024831559256377573,0.2452937575842184,0.03873725455274055
0.0003971989490808511,0.0012163221070441424,0.038259425249502425,0.001528714351230615,0.23578055891188437,0.030090001343303634
0.0002919552896580722,0.0012631779650917989,0.036949812032824776,0.001412473712294799,0.24615790515137526,0.04062598089771759
0.00035608599096807,0.0009117190970084703,0.038064906720119654,0.0018891357204079133,0.24891445821347713,0.035786382822536246
0.0003474199174443115,0.0009882469205520065,0.03745425645954238,0.0011095420617308856,0.2319621008145598,0.03257698541329011
0.00035164052965656987,0.0013046213103678566,0.03860915719034914,0.0010248876893907042,0.23085440737302448,0.03192046049188906
0.00035830983296033484,0.0013146110173628594,0.03898357484068493,0.0017779947008785386,0.2388165079925425,0.029308005427408412
0.00036835977758988014,0.0010671657084085698,0.039014020663676006,0.0021738056420137347,0.2496470172961525,0.03186803696346835
0.0003540964650917734,0.0013165401325317067,0.03820198345167537,0.0015573544441380206,0.24748477627746887,0.033429908624916425
0.0003562043304947806,0.0010016383386779926,0.04101366623258042,0.002041510717931269,0.23638390548321475,0.03238593236063085
0.00030255994879081733,0.0010113935010305486,0.03676399074092085,0.0025532317294204793,0.24538080216313657,0.03209221328468364
0.00035294768192393837,0.0010676280476719132,0.0385432473444613,0.002128482972136223,0.22244769993729693,0.041123325470648446
0.0003210293034366021,0.001224927269943347,0.04072404979718003,0.0015968063872255488,0.2554784836970929,0.03482796332127534
0.000375523739873505,0.001166340777331824,0.03524593799435237,0.0016222148003244429,0.24100942258159175,0.026248632883703972
0.00030918000547941785,0.0011492315471721241,0.04026622965323789,0.00207523552276171,0.2383272431993504,0.03805780140259972
0.0003794408159819489,0.0011979704970403082,0.037345609919897216,0.0021677662582469366,0.24381854760205077,0.038101329434875965
0.0003410250777285179,0.0012446719819639983,0.03586253175478119,0.0013173990778206455,0.2459676532071735,0.03424719101123595
0.00032317398360485013,0.0011619497041770906,0.03880355699272433,0.0022959820314449714,0.24808881635457825,0.03292698253110469
0.00037371218463202473,0.000907184201038222,0.03859975520195838,0.0015292078703231723,0.254828797190518,0.038046748437861606
0.00033007073714002146,0.0008817641638333704,0.03691361189438606,0.0019686884784850473,0.24004938158706934,0.04763408363029455
0.00036310681768559645,0.0013121207151057896,0.03626614391143911,0.002222938144329897,0.2465444661738871,0.03031900870023728
0.0003625827073268572,0.0014273457608610872,0.038068934098318644,0.0017135657286854265,0.24950062353083996,0.03676971265150483
0.0003482490790124417,0.0013629643319164665,0.0400369819511999,0.0015228909546622673,0.24283191415169683,0.03942526721570002
0.00032115033854749047,0.0010863917623163762,0.0388073046757311,0.0022261295994579857,0.22387858650262676,0.03915826465297243
0.0003675869145551612,0.001209077380952381,0.03981264637002342,0.002062429410898139,0.2494916433783152,0.03127251154709945
0.0003397990780636561,0.0014870464314758161,0.039204638128141636,0.0014055048941688279,0.25083356340391194,0.0396147861558518
0.00033210095773166773,0.0012382328195196292,0.03763046544428773,0.0015165046253391074,0.23772020270714958,0.03680676448644616
0.00034371529316641256,0.001283113065590407,0.037509177777541314,0.0014688601645123384,0.2521846896946201,0.033406084361498375
0.0003337576031978692,0.0012447304454021302,0.03945001676778147,0.0012461706215275976,0.25679678757158847,0.03447956251737881
0.0002756975347409769,0.0010644379176440442,0.03851324595581585,0.001651902116702026,0.23432271047048275,0.03010752688172043
0.0003518350609288672,0.0011705535547760536,0.036304762825314744,0.001587564081362659,0.2394461970637743,0.033300957402525325
0.00029379588805424214,0.0014463396332051585,0.04022270531876174,0.0019496977968414897,0.23370932949847206,0.03217085698837524
0.0003406193983546939,0.0010896987930401412,0.03636658490604285,0.0009756573491389825,0.23524731467975069,0.027981003722243613
0.00036164920213235504,0.0011039947384080553,0.03918927813754728,0.0013860471256022704,0.24270925110132158,0.037175680908738865
0.00033858439283831717,0.0011763665650480735,0.04014619546448717,0.0018012608826178324,0.2582709130823285,0.03334300999460872
0.00035457673588389896,0.001620670494536025,0.0400870805495083,0.002171874228737845,0.23031753665820348,0.03631635581061693
0.00035079621732605614,0.0010948818241683263,0.03863602696096585,0.0017382413087934563,0.23542549348047428,0.030871670702179176
0.0002812558746186715,0.0012875953549390214,0.04094407841482739,0.001744017052611181,0.22735723771580346,0.03559004549103559
0.0003310489448960538,0.0015835749401235345,0.0360736058645323,0.0014715740937556207,0.24695694168523416,0.035620052770448545
0.000348930476613661,0.0010817335956667946,0.03633639439342677,0.0020580164641317133,0.2341868323770213,0.03228487685375563
0.00034047303391930876,0.0012128899282571643,0.04138661332784257,0.002703268057991536,0.2593915982617093,0.04192187287328161
0.0003638158222349068,0.0010936366986436527,0.039335484313860095,0.0009812900693444981,0.2473265274623509,0.03450179409329285
0.00029358537857177285,0.0013216778352308299,0.03628679901062931,0.00108138220307047,0.24598345372737726,0.03642002658396101
0.00034226278420935525,0.0012619279454722492,0.04261782831351445,0.0020995450985619784,0.24199567424607488,0.036917834153729644
0.000305380706741653,0.0011511444882105577,0.042785047563753294,0.0014756033578174185,0.24149617455369793,0.0400782845473111
0.0003834336816740186,0.0010142143680368805,0.03692057712849986,0.002525592672413793,0.2331418410614143,0.03890081580077287
0.00029050541761699024,0.0013534423738271156,0.03806449648284053,0.0014863748967795208,0.26505972696245733,0.03324854651162791
0.00032112560803915517,0.001395916942941895,0.04166807917128757,0.0013712942405641896,0.23778777512566956,0.03281604339899506
0.00035248117677839474,0.0012886396651098858,0.03949657116580363,0.0018908294770363736,0.23177740476005204,0.030733168381299646
0.0003234659605807379,0.001417687001049708,0.037555860272864484,0.0014186792771491302,0.24577458621595588,0.043073502848409065
0.0003617020198106984,0.001459848285659345,0.038678955901900354,0.0016412170750937263,0.25596832930523505,0.031937444062367516
0.00038275895097369174,0.0014179983377908374,0.0389816169425138,0.001984908394902251,0.24149525316455694,0.0352818189737782
0.0003624544567354104,0.001181223274823407,0.03930583371974862,0.0015346740416280332,0.2514040268456376,0.03158650394831299
0.00035031194355386727,0.0011948895493121725,0.040004605134725216,0.0015611533020018537,0.2372093023255814,0.03180565990483346
0.00028137947852566533,0.0014501058343371028,0.03974287656839112,0.0014497189156102513,0.2525313736076068,0.044819919964428634
0.0003396369497533425,0.0009304014341797718,0.037724401473747046,0.0020139972811036707,0.25854393158259226,0.036799855686840445
0.0003342267220127876,0.0013325771486815022,0.04045020675931972,0.0011811217375613118,0.24516228509752525,0.03544192197487327
0.0003145234922838445,0.0013241494662748422,0.04402258999571142,0.002230555375961725,0.2378390249258812,0.03647579455545125
0.0003453305850058417,0.00110632327888566,0.038377837901423364,0.002344904929397971,0.24995956916906553,0.03638036296729949
0.00035210446229813684,0.0011698838472465947,0.040734274455030674,0.0016591300953186505,0.24127785706444177,0.03001423088533356
0.0003393146377716229,0.0010128768844221104,0.039367375653342744,0.001954397394136808,0.2410083136975948,0.029970288076475907
0.0003306251890371609,0.0010001190617930705,0.03657967406946443,0.002003243346370314,0.2501280081925243,0.03647768395657419
0.00032568664229682553,0.0012343676437425078,0.03689602934141285,0.001539028808695513,0.2351727000437499,0.036288036288036285
0.0003388509751071465,0.00167487723464401,0.04086265607264472,0.0012323069813613568,0.22989255046531493,0.036737371528537066
0.0003152589586241404,0.001096077829299482,0.037270740749834275,0.0017448341599754433,0.2387285617299752,0.03629619817194331
0.00033131273241116725,0.0012030214346030607,0.03745103470106438,0.0010722641018975825,0.24730295932169838,0.03997194950911641
0.00027555648565630943,0.0013898916270611902,0.0395289514566831,0.002502847791557702,0.24874995860790092,0.040953862104717464
0.0003242227000521375,0.0012374323279195668,0.03706686627692133,0.00227194152220082,0.23466080373535209,0.03813391004987421
0.00037449255177927215,0.0014468571695273212,0.038320102731730095,0.001536,0.23207489638505235,0.03864152342121113
0.00034132177251031354,0.0009509488227176262,0.03861303413702554,0.0012857284145979626,0.23454784899034242,0.03379416282642089
0.00031014174397714296,0.0012995602380980007,0.03737105628280147,0.0014813351767726645,0.23898007415277206,0.03593811979373265
0.00031477250591165984,0.0013407666256987976,0.03822014051522248,0.002052518407506353,0.2291055468376885,0.03209265316948104
0.0003513647728525846,0.0012180704331315158,0.0384261893299488,0.001573383594198148,0.2450836955118551,0.0337048110899701
0.0003574402911689946,0.001064500867371077,0.04204294904708689,0.0013760566149007274,0.25026608557312036,0.033973208120425355
0.0003740245773296416,0.0008320973862126085,0.03600633078343445,0.0016706522095194418,0.24219119085026203,0.040321517986559495
0.000286176904351263,0.0013748039521663039,0.04049927988478157,0.0020379116258006083,0.24140916355887054,0.033631744495523835
0.00029084337758140857,0.0010474047637520367,0.03897361413701283,0.0017965267150176325,0.24712231406782842,0.036980819649510145
0.00034656371742514033,0.001130134616715229,0.03787277358646789,0.0009001500250041673,0.2571318261764832,0.03706415301546628
0.00033595640386424683,0.0010485802461780442,0.03415019316996137,0.00234009360374415,0.24425589344779142,0.039724714696402125
0.0003730003291609173,0.0011302095596891922,0.04134178408037329,0.0018044827149550462,0.232366415552324,0.03392416423603321
0.000371466009111949,0.0010167127077266224,0.03649369720408845,0.0012571318054346774,0.25447083590277925,0.04627739213284334
0.00029795910885212603,0.0011608020368206406,0.037439467312348665,0.0017615971814445098,0.24755491066978277,0.03417688494651709
0.00035074029067871666,0.0010512913361912883,0.0370284589328624,0.0019007793195210038,0.23484346056212407,0.03032547601411703
0.00035174479843914946,0.0012806730907298672,0.03943195918930098,0.001019177523738343,0.24165029469548133,0.035658660545946394
0.0004099417324946294,0.0010753073586866912,0.04055087207820671,0.0015949758261476349,0.24071801166001838,0.035252345929495305
0.00032859968666596807,0.0008772172456168773,0.04036252854602406,0.0005926316136041879,0.2495631572741014,0.04124643842431369
0.00028389606779264726,0.0011818139685776522,0.03870076696280769,0.0014750298517946197,0.23432030820033023,0.03931438489911043
0.00030117011054790727,0.001437653749081499,0.0394769180354729,0.0019772940730610157,0.25355964577183543,0.040227185378144084
0.0003558053806861071,0.00101519646806066,0.040202840731572494,0.0020481144343302993,0.23765393775891458,0.04510440835266821
0.00036830053710494993,0.0013927099624424935,0.03787948315420843,0.0015707048152881938,0.24625368602216546,0.035015263063386606
0.00035749313627248073,0.001329735530377847,0.04137452343349194,0.0020227901018137684,0.256557097845525,0.0316622691292876
0.000382519670147995,0.0011925648170445034,0.04097240351981818,0.001259384838944054,0.2327624874923804,0.0404281632478997
0.00032365271624199655,0.0009141317552532507,0.039436155144647746,0.0012263186856379216,0.23825206666371956,0.03680494263018535
0.0003586489431884037,0.0014211103126844133,0.038216560509554146,0.0017466683917712511,0.2443878731775052,0.03821837714503019
0.00032785385296199386,0.001059871202608205,0.04093914353990431,0.0014088034562644792,0.2398691384950927,0.03640011464603038
0.0004161475373336158,0.0011586133650879219,0.03465597318423059,0.0018903889475259533,0.24738906941108707,0.041944399284669164
0.00028293988256280085,0.0010826289054072606,0.036849263062794645,0.0015974440894568692,0.2625098762180669,0.035311042329656914
0.00033453076453956646,0.0011500465768863638,0.034717125017873315,0.0012647349731649182,0.2492434842026486,0.03246533648968549
0.0003499280804432034,0.0011841559928161202,0.037743991024294814,0.0018453469737928353,0.24349956791406413,0.03616510155055689
0.0003891732374233411,0.0013456620106236474,0.03568020411648301,0.002196558724664692,0.26235949628007343,0.03787587971849008
0.0003507387217592321,0.0013018949804715753,0.03720443312563543,0.0010866165066925697,0.2537689285834201,0.03728679095596985
0.0003269131722605647,0.0012421312518689476,0.03814665135630881,0.002029966167230546,0.24001591705446063,0.04131903059197457
0.00032183725365543547,0.0011956716685598136,0.03869625319699253,0.0013839234229039326,0.2351952113528601,0.02878074306645735
0.00036017674045568426,0.001102850595030915,0.03742832720252788,0.001197405621154166,0.24178161801793896,0.03832523953274708
0.00036040775138578994,0.001547594389579531,0.03693615322086108,0.0014661801120813243,0.2512489260826678,0.03290483920501909
0.0002912695113824246,0.001364940312779543,0.038494528759339786,0.0016304869081492375,0.24471288793936158,0.03433073820467123
0.0003650600768542391,0.0012820561739017625,0.039704829281422827,0.001879172504739141,0.23812703173056926,0.03529573969391976
0.00029994212255126046,0.0011548659530590199,0.04206952542623072,0.0017581962974454442,0.24651590849329477,0.03225670964761225
0.0003236178667393971,0.0009364869732260775,0.03761377448962989,0.001257983355912522,0.21868360381537905,0.034270765206017004
0.00034409556052476716,0.0010403351653447421,0.04050337024312098,0.00185813013430695,0.2558546634502487,0.03812342240403865
0.0003455116741779038,0.0010726694701168277,0.04137765246177501,0.0017816490151440166,0.23082996715833798,0.03481836874571624
0.0003128053018295806,0.0010356433934581859,0.037714497345788245,0.0021458878611025313,0.24576840553954182,0.04228917456693304
0.000378593662291566,0.0013206716558707,0.03530129626598009,0.002407356882633328,0.25263157894736843,0.03751875937968984
0.00032254959947599705,0.0013869906763404535,0.037233518609723494,0.0019537928002735312,0.2617702653977689,0.03168123530194791
0.00033550247793587485,0.0010511482652245116,0.03501013629567985,0.0022471544185895037,0.2291404683410937,0.04712179712179712
0.00037077470569153075,0.0013967417250943983,0.03428320698144943,0.0015743641044984173,0.25234479186183634,0.03740148715437018
0.0003219654739094949,0.0011945099386349797,0.04160315334041603,0.0011289159271222053,0.25480700910571596,0.03346951602765556
0.00040982109418695,0.0012039731112671818,0.037705972586471376,0.001610153438151165,0.24618126847318428,0.037519795346570836
0.00038146372137098277,0.0012606219068073583,0.039336333302721405,0.0022717171218331767,0.23510116045249785,0.03530950305143853
0.0002928571480998415,0.0011838036335523772,0.04140377984748988,0.0021671674136827072,0.2557736909156241,0.03942872163322527
0.0003528592001406204,0.0015151044256588764,0.04085995501922565,0.0019437671571552798,0.2313348925069713,0.03722084367245658
0.0003752625560247284,0.0012393263988214709,0.03984927271100329,0.0019041892162758069,0.24256013497763323,0.03572044866264021
0.0003239552396867562,0.0012675382653061225,0.03846534303681198,0.0023911527348809405,0.2468147069530397,0.04997743219400107
0.0003935932268978112,0.0011477717923604309,0.035726001252497544,0.0016617790811339198,0.2557546938470888,0.033742970214538634
0.00033779619047434156,0.0009264171410925388,0.04119161832991179,0.0014817497818535043,0.23812328229289362,0.03501413330901796
0.00034270337733144287,0.0013433566460103446,0.038629834254143645,0.0015035835407721737,0.24483521754772314,0.040501446480231434
0.0003282929134896877,0.0010134458336770408,0.041527821278387354,0.0014769351953657054,0.24320053790553037,0.03182353931638323
0.00031301976923507396,0.0010279785479205348,0.037697548223551314,0.001211896786790325,0.23982220196033735,0.03678436434037061
0.0003849585055381865,0.0010393987235868705,0.042505108042845643,0.0018081063434397548,0.23356194690265486,0.03742372881355932
0.00031841711073128274,0.0008774427930389538,0.037734388606149735,0.0008618763367063556,0.2568269013766644,0.03761910654621953
0.0003338579848376206,0.0010348274307665172,0.040867736966021063,0.0011675991243006569,0.24365681402040282,0.035308080308574824
0.0003126854717586483,0.0012363675216936708,0.040203804623083,0.0012803466784852514,0.23787298066046542,0.03822954719225215
0.0003078942474176178,0.001073658413241787,0.035471315264233326,0.0026048189149927366,0.2546577595756823,0.04260324098274961
0.0003783528951503481,0.001217547000895255,0.03862821093271905,0.0018952303369852539,0.2502845398189995,0.04346465143317086
0.0003143779011220403,0.0011699007924128035,0.03418138885289332,0.001507739730617168,0.24494149804993498,0.035593660691088595
0.00036663792836371507,0.0015848414575880113,0.03736149963663876,0.0015641038173908792,0.24537717124370634,0.03341913160892865
0.0003466063852312038,0.001349286971626201,0.03703795818680143,0.001555855201742558,0.2495946753135933,0.04723974400294673
0.00036290690230668724,0.0012756960221120646,0.03611699140277358,0.0015423371549020616,0.23927013618353146,0.03302219091229306
0.0003189250746023012,0.001558364175957649,0.03597125769280816,0.0013209368490575623,0.24471997136255652,0.03351658095406987
0.0003508894366352159,0.0013118389561510022,0.03898779963532324,0.0014705401784255415,0.23286490786159353,0.036764028379249976
0.00031222631431335245,0.0009531115605458308,0.04131896122303304,0.0015764841119960587,0.23736117281208352,0.052725037563174426
0.0003660789086527512,0.001006626960825434,0.04009412040955097,0.0020801487621538994,0.23693586698337293,0.03211900137382159
0.0003273078350762527,0.001268091834897574,0.03979065958211817,0.0014850259879547892,0.24513333333333331,0.031568140987252975
0.00032003225963880984,0.0012595976285353291,0.04091639357954573,0.0017021560643481744,0.24627139977054768,0.03473613894455578
0.0003496964874405525,0.0013029619116312618,0.042604381799987226,0.0015751649000754764,0.24581993226692794,0.03877807225554471
0.00036416091346775764,0.0012867955281905706,0.03483181210725354,0.002067132591790531,0.25428912836141593,0.03453538568874548
0.00037430953259433937,0.0014128340273226402,0.03935557410083657,0.0018992403038784486,0.2423482524684862,0.034147146156384034
0.0002791414816177053,0.0011697274535033338,0.03984978926552544,0.002237172732430899,0.24446706223742906,0.03201444754555902
0.00034580869692027514,0.0008957158852069379,0.04010161962722293,0.0019106999195494772,0.2340562547069931,0.03915860644191943
0.00034651068903407346,0.000940803838479661,0.03961176676064772,0.0016935363363163923,0.24282624050856436,0.03455096927337466
0.0003286538228009996,0.0012122530811432479,0.034966659581724804,0.0013798087979237164,0.2495794463985319,0.03204730793075492
0.00037389528800406744,0.0010439583808592163,0.04570805421405203,0.001609253205934121,0.23661046638931466,0.04186489058039962
0.0003086874042841019,0.0013326423336047974,0.035348907867814264,0.0018657327092402867,0.23758584257791865,0.03279562724970004
0.00036810648553281923,0.000869650377044364,0.0397541167496747,0.0023388165588212363,0.23990385150398952,0.03544933588023633
0.00036467778177935544,0.0015702151733586827,0.03531631531189837,0.0012970815664754302,0.23736672366895825,0.038120416169196654
0.00033740455613963036,0.001310815397399436,0.041217396698059565,0.0014622020763269484,0.25677465198152516,0.031275162096876724
0.0003372181564699569,0.0012502755014125709,0.03874494999976755,0.0011766628534074196,0.2645589030215446,0.03933828318353524
0.0003602754738114466,0.0014064585849596339,0.03943031779957254,0.0016414283645258363,0.2332368241957251,0.03901885474860335
0.00033990401213921837,0.0015211083029111673,0.03810273453442948,0.0016865079365079366,0.23820125647525625,0.04441055087026736
0.00032719882101544346,0.0010769092703939694,0.03758900061231409,0.0011349127535820683,0.2327499497083082,0.03180623195276473
0.00034563840413776465,0.000819595354065193,0.03879520325163246,0.001205135732274462,0.2531036556553117,0.03217842853494509
0.0003388403214984938,0.0014279353283483548,0.03742132038053632,0.0019165461820382637,0.24302587744388734,0.03281949278965689
0.00035955446448909854,0.0011513969499729773,0.039500518802103826,0.00198448791942979,0.25704217692993714,0.04187212703719181
0.0003722160565321747,0.0012560729944306199,0.040087128352596924,0.002088938123120747,0.2369478356152254,0.042617128807539956
0.0003645635130219971,0.0010726033274538781,0.038824964363914236,0.0018472008425828403,0.2505838804917816,0.03629716673194934
0.00028411160894594405,0.0012225354025877,0.039188704374450184,0.0012824096147838811,0.24605990049532678,0.027868707422808104
0.00032636863950303674,0.0008493998722074066,0.03893803460113596,0.0017112977341150373,0.24592748292170258,0.036065432999871194
0.00029542758019560056,0.0011782680245551055,0.03896388606059425,0.0014139033832688101,0.23631774707757705,0.0371785314945956
0.0002817170037896343,0.0014866738868928916,0.03685204361332765,0.0023496393956205334,0.23376094942074033,0.03564816808025143
0.0003710948704907525,0.0010458552045161929,0.03960050590954686,0.0009828170813608742,0.25096458517448755,0.03923593185338152
0.0003255197405241983,0.0011339099385999831,0.04060465965083034,0.0015693197979500762,0.23386623886706867,0.03864331387267167
0.0003569998866608426,0.0014718307939709451,0.04028847838543023,0.0014380672376326218,0.2431554524361949,0.03925131746320189
0.0004121629556647241,0.0011886495620253654,0.04532088807359249,0.00176093655736903,0.2397044831253148,0.03236159400909334
0.00034439749391257574,0.0009556536870313813,0.03735855133141075,0.0015285893985956087,0.24077585616047156,0.03513011152416357
0.0003890837896661731,0.0010929221411770296,0.03799929396763843,0.0021088620133241738,0.23851154947078795,0.03248862897985705
0.00031376873241119167,0.0010513655805210631,0.04136976469985133,0.0019264420221219761,0.24189749182115594,0.039404310424567573
0.0003340630731262001,0.0010560887114517618,0.035520907158043936,0.0017071859884290727,0.2520981382038008,0.03741211918312688
0.0003149456365820579,0.0010512609157916114,0.03904793460361104,0.0006159004978529025,0.24993883434212344,0.0322392871535396
0.0002859459401076892,0.0014465383533571745,0.03893548094099125,0.0023100100435219286,0.24925931955070812,0.035580204778156994
0.00034846266742253224,0.0016116411879430552,0.03557486277847897,0.002450099637385254,0.2538627029141404,0.03714456493894629
0.00033242630928246404,0.0011060129435572742,0.04149402691667927,0.0016218955904713634,0.2440396587502882,0.035614812109036116
0.0003186403697502361,0.0012420419482091943,0.03647892246875169,0.0014000233337222287,0.24331682356414208,0.03104718470443782
0.0003416941452392621,0.0013421923259565082,0.038295549873156726,0.0017011057187171661,0.23246116015275306,0.0346348111921751
0.0003284440038793621,0.0010297592438853055,0.03720962512765093,0.0016394686907020874,0.2478606290079009,0.038163118007939374
0.0002964937985183967,0.001071877961257049,0.03900035616763624,0.002607436021245775,0.2536988110964333,0.03953294412010008
0.00034596966071277546,0.001074142495286343,0.04034527302404294,0.0010104922781548412,0.2485276286159709,0.039817503110742426
0.00034741220695061123,0.0011526801735167887,0.04009796953536056,0.0019043991620643686,0.23246269488992483,0.03759656652360515
0.00032561672784857463,0.0014135538694006206,0.037270998097907695,0.0016255481991973855,0.24824510168321562,0.029864366004396698
0.00033679087944624365,0.0009184033910279053,0.04008452584714073,0.0015780614391920325,0.2481575258850658,0.03736559139784946
0.0003364174300402678,0.0011808048365766106,0.03878470679562354,0.0022016592214422464,0.24546512128915504,0.02977874669511573
0.0003019318317656378,0.0013173810464795987,0.03636025434555948,0.001472778150517927,0.2403799728270023,0.03972406129913422
0.0003145355716739197,0.001061975505304106,0.037960279771206626,0.0019027272423807456,0.2521391021270044,0.03125974083804604
0.0003717566136905247,0.001374837369167136,0.038395854189977034,0.001836516061013145,0.23815323294951285,0.034394041976980365
0.0003624437762562032,0.0009602999794221433,0.038525716778162675,0.001503608660785886,0.2524678041446035,0.042041797368313844
0.00027792784186139556,0.001067698259187621,0.03830899910777372,0.0013774556426486505,0.2601181141770378,0.0363482313069265
0.0003557812007019545,0.0010993337725470629,0.03711358296694191,0.0015494267121165168,0.24207360920441917,0.031243385123407137
0.00039116688047159784,0.0012039754798196397,0.03991210368177946,0.002035519820874256,0.2532988709019181,0.04240282685512367
0.00030469240835319627,0.0016028914905319399,0.04020237932449064,0.0017887013696815117,0.2383312773354267,0.042080054738282587
0.00035662688060901883,0.0011927882189225146,0.03869777098532253,0.0010825528564633326,0.2347793302791075,0.035095799557848195
0.0003050800052993391,0.0008524352354852338,0.04172898155479311,0.0016319216677599475,0.2262431218985248,0.04257434692217301
0.00029803313091345224,0.0009257616318091696,0.03865321502370245,0.0020251048715022742,0.2384067420331713,0.04714008202028923
0.0003164626667290258,0.0014071624569056496,0.0359717985899295,0.0007761338830948338,0.2420685738466164,0.03642648231853231
0.0003619810294718406,0.0011560148158633544,0.03666748729236963,0.0014315026005630577,0.23341639167620715,0.042587170614852274
0.00036969519190454766,0.0015955824266931553,0.037410968408830236,0.0017123575133882855,0.23767124808490797,0.035861826492045355
0.0003783502215438833,0.0012428941906647492,0.038698862733197496,0.0016235688071842922,0.24692932411571245,0.02479445568421506
0.00034398649649568377,0.0011608065283759154,0.04469003702198249,0.0025883142405214972,0.23869526461169377,0.0425095802513145
0.0003620028692354856,0.0009349362295580089,0.036758905428802675,0.001579440943715964,0.23728737989611431,0.042829149948679666
0.00036228533425679613,0.0015151940290131598,0.03743597061414084,0.0017134697762970013,0.23771482277121375,0.031873653984206746
0.0003750471336808321,0.0012189418971029048,0.0405105862569747,0.0018005101445409532,0.23294768501240365,0.03375708641126954
0.0003650966833858352,0.001476972128988899,0.037855259302666276,0.00118680666589744,0.23153822069150604,0.034185803757828814
0.0003328618913715332,0.001269294408304812,0.03729135647676514,0.0018562542742697106,0.24464427400158686,0.043588039867109636
0.00038533279363024405,0.0011913307775724344,0.03749909927221195,0.0016737500205116424,0.23828274124409637,0.03192576196151881
0.0003335933073211738,0.0010585447415587073,0.041707334491870404,0.0014723444631668495,0.24517205056179775,0.039573956058647886
0.0003347200248102284,0.0011927220567829245,0.03723706131116929,0.000969274013763691,0.2357632904119774,0.033690915186054306
0.00027734585913780844,0.0010527629177909136,0.035373865491968255,0.0020706655710764172,0.24957466300222486,0.034260113321913296
0.0002718278502405824,0.0011393759010370646,0.042983512604344035,0.0014741290354282346,0.24929636698909774,0.03917578224370389
0.00035618305379632367,0.0012560573754603606,0.03770304145595757,0.0018237082066869302,0.23447876920338623,0.037670778617853826
0.00032284676529498613,0.0013469604773438885,0.03991418964912643,0.001652999708294169,0.24781259428472913,0.03665551839464883
0.0003470316514221891,0.0012264827713882398,0.03882301800248827,0.0018046921997192699,0.2289224147593535,0.038156209987195905
0.0003127378797592431,0.0009834530128004994,0.040524299025776624,0.0016012543158807732,0.22845558177407027,0.031788079470198675
0.0003317658563675985,0.0015830408149218804,0.040684135339817226,0.0012491392149640472,0.2597789208711831,0.03801076971808679
0.0002698025019954909,0.0007634441355537476,0.033896352614223794,0.0013966913932772589,0.24325485573268407,0.03996141656331817
0.00035497527737475413,0.0014196611431763172,0.04230992728472037,0.0020004667755809686,0.24300662442715903,0.0400266844563042
0.00035353758783140867,0.0011070762587103741,0.03734956025304737,0.0013419816595839856,0.2404196127159367,0.03866448750875555
0.0003171276096807491,0.0013087118925298258,0.035702488438669897,0.0018102134146341464,0.24141228889363953,0.035194976867151354
0.0003379944763106041,0.001231813964506386,0.03736760905984686,0.0017315739686713375,0.23622254661998265,0.04507944328119227
0.00029771226616038084,0.0012639265986330867,0.04020086286158851,0.0018567984885008797,0.2563877218554403,0.0348763205906063
0.00028931058121900476,0.0014470316402025844,0.03680927570264915,0.0018959868278809852,0.23955361829343436,0.03236159400909334
0.00032737558246183384,0.0015446645701475748,0.03964732155804983,0.0018770236661400574,0.2491021591449959,0.036516372364135095
0.00032757271737910977,0.0012151504035216433,0.03581074810860445,0.0020476151783537823,0.23353716690042076,0.031071204844435166
0.0003900425480699581,0.0011650993306623234,0.039006310728238,0.0013916500994035786,0.25175410363694883,0.039527788831410005
0.0003774153017466574,0.0010442797307574432,0.03866697804299975,0.0016336254573300433,0.2453052687789249,0.031389365351629506
0.00032972905580290425,0.0013223626212165735,0.03989028680460319,0.0012838660828916615,0.24804747153017148,0.047263017356475305
0.00037860030320630987,0.001142759414160888,0.03790449144309095,0.002007058154510027,0.24931000760621536,0.043017627180564434
0.00037614892115077895,0.001169235086406473,0.04043960465759626,0.0011844053298239842,0.2447339499954208,0.03241123938139839
0.00039165619923927514,0.0013407339720441006,0.04215415107456108,0.0017937219730941706,0.25163268026122887,0.03719691403379868
0.0003217754970890862,0.001298849534185326,0.042584122072406506,0.0016663671562300894,0.23374633626432184,0.03915031434558963
0.0002986201020006151,0.0011080034009548834,0.0371126386146134,0.001443788501026694,0.23406381136348497,0.03942394239423942
0.00031283708679434786,0.0015324019202911563,0.035106929976576336,0.001813929065826531,0.23613583837400892,0.03410222369731165
0.0003587274740736361,0.001393749806423638,0.03901756094591716,0.001570197044334975,0.24745480314619872,0.03755596086884431
0.00035660579522328004,0.0013413494934010396,0.04147205464553083,0.0016896648831315122,0.2553528074087908,0.03434178250204415
0.00030818960419201765,0.0013587593121866654,0.04071354031424386,0.0018180593899400712,0.24157549234135667,0.037621460011626945
0.00033817042700227826,0.0011006018916595013,0.03674917500271126,0.002216155452063594,0.2298000204873718,0.04203765873595096
0.0003530311576017784,0.0009380203081396712,0.03594942000209008,0.00242943667437113,0.25287947576767383,0.038589317659085104
0.00032697379128320274,0.0011069849968203622,0.03861455651766908,0.0017709853565747832,0.23582297494394494,0.03578966688079288
0.0003342330869089495,0.0009362127075271501,0.04104347110498488,0.001659940111964588,0.2497510839890798,0.03898916967509025
0.0003328750324599134,0.0014623672553533086,0.038208828686487215,0.0017500081018893606,0.2517903083896691,0.029047875201721356
0.00029447836480844716,0.0011392257914519316,0.04220640464506241,0.0017500814988933308,0.2460936196714748,0.03229746234224454
0.00032240869620434113,0.0015042141873661925,0.03835023911785312,0.0011544937064058365,0.25738981261546584,0.04009305548680889
0.00031130847230945895,0.0012691064373229037,0.03945464775147691,0.0016910094663373067,0.24073768053673533,0.03879423328964614
0.00031920518525336156,0.0012696173514371363,0.0379031785986068,0.0017602190494817131,0.25091019077598664,0.032117479867361444
0.00035870134723682713,0.0013186286262287222,0.0385702746365105,0.0016267942583732058,0.2543660582141095,0.029103303618248557
0.00038490054299122184,0.0011844177994306897,0.04096989556404734,0.002154324892711201,0.2446731063857529,0.0431564942624314
0.00036967507480998554,0.0013017215457753045,0.039285496211889925,0.001761827079934747,0.24714327099494637,0.038873023315289204
0.00032109829101901934,0.001177285318559557,0.03977948854943294,0.0017425538094162445,0.24512620337273305,0.03894586524730624
0.000355405391265254,0.0009752704674494031,0.04335922112910991,0.001965827367593336,0.25312218359727046,0.035787237519405185
0.00034173749034773366,0.0012463548116486238,0.041298195967456666,0.0012426714249299006,0.24734301680982834,0.025623848601574274
0.000337893457525245,0.001175943554709374,0.041157380728519,0.0017769880053309641,0.25345512139029314,0.03364436851097385
0.0002913096490970308,0.0012955096849163416,0.040583472824787345,0.0011508951406649618,0.23365832040771106,0.03844885265985016
0.0003291544154147188,0.0010977461170150649,0.03805413690011041,0.0013135467325525029,0.24270919096936344,0.0414223567240401
0.00031878498007867747,0.0012692265447341337,0.03704502409661148,0.00156703992687147,0.25021832648704595,0.040927329469460545
0.0003573550948600546,0.0008536655707446502,0.03937616514345474,0.000873150618481688,0.2338974040932046,0.02688127437152576
0.00041285526250045134,0.0010871363410772104,0.04115512394582162,0.0018276260100038475,0.24276756368694402,0.030903116952313296
0.000357817605897147,0.0010348158027871038,0.0301672344816862,0.0016990089114683102,0.2549002787904782,0.039775342970260565
0.0003741625895892553,0.0011218054836033328,0.03541045269545542,0.00183418338615996,0.24224321315595138,0.03218761868590961
0.0003234237668970336,0.00114068883638099,0.038065234041938234,0.0014816278150928488,0.24442756375474767,0.03772498200143989
0.00034473382070072137,0.000974014679792674,0.03961706534643462,0.0014243081931633208,0.239554682383759,0.03373667401376457
0.0003607142508373942,0.0013592956237592588,0.03710296193187605,0.0022968705139247776,0.22796969423649321,0.038635758060218496
0.00036992677342310575,0.0014271120087966248,0.038181640178833666,0.002151484035010513,0.23970610745446197,0.04003888987095634
0.0003210614673278725,0.0013597916522620941,0.037725872122368734,0.0015759406395692427,0.25898951132820164,0.03312194899402345
0.00034420790012997004,0.0007600378435509601,0.03611795340981068,0.00149885088099124,0.25223163195239184,0.040392331698617924
0.00031792807608044125,0.0017595036347640876,0.039131602773936146,0.0013092677452539044,0.24087255524650122,0.04038382827777525
0.00035943881398410463,0.0012398482550500423,0.039070723145802594,0.0012597306114538582,0.2420751169603428,0.033622007131940905
0.0003594625923979052,0.000977082257616078,0.03609463803279,0.0017018152696209289,0.24097950699879836,0.038589737571006054
0.0003318102727946592,0.0010992309281484976,0.036055722480196666,0.001344322637432984,0.24620310769466955,0.03463079564968517
0.0002890815926817644,0.0009738039021713507,0.04408121336636654,0.0013723247835321026,0.23688577180911083,0.03329901982723896
0.0003869260465840447,0.0010953945801781206,0.036660967813870515,0.0015261108020030204,0.2480855572912684,0.03327911922932566
0.0003757111578159458,0.0013513408563151886,0.038540458560085644,0.001457749558625828,0.2499302889255915,0.03953343424450183
0.0003329168092394653,0.0015566552821728121,0.03722296447657969,0.0016034741940871887,0.23952272727272728,0.029162225538264766
0.0003579080516462684,0.001241843082582565,0.04117307998091906,0.0013884756520876724,0.25484443011446073,0.033459038754713954
0.0003259461354805538,0.001035383444846222,0.03556065385718382,0.001845018450184502,0.2357238906320036,0.04126777581559624
0.0003244003903457007,0.00113720757519495,0.04017020439284748,0.0012842465753424657,0.24980116648992579,0.030307928554109756
0.00031196454509961873,0.0013897776748312833,0.03780949259601347,0.002100472606336426,0.24501616379310343,0.03323787615604901
0.0003501809697938535,0.0009246563163114907,0.039978506179473405,0.001219016659894352,0.24004276931301793,0.038591283227634596
0.00032105728620473415,0.0008388316938574996,0.03981173806853321,0.0010602579961123874,0.24943030561175594,0.03654667738251343
0.0003509484923018562,0.0010896127532066594,0.035760737938973525,0.003043223280658097,0.241933371174082,0.04063150165218456
0.00031929726740559605,0.0012880260415446946,0.03812616513320104,0.0019048255580804705,0.22920315998283122,0.029414090298094407
0.00037407488825382863,0.001340969409135354,0.036937584064098423,0.0012628715756751504,0.2348737494044783,0.03875698324022346
0.0003757932979974054,0.0013835657829869119,0.03898523571193721,0.0021608171817705606,0.2395201643635882,0.034293081220455525
0.0003615228099551927,0.0013003849927690713,0.03790822531367721,0.0019694731659281144,0.24692825112107622,0.03632720620263089
0.0002923813638650432,0.0012074864157778226,0.039427688399237854,0.0013438924886009119,0.24778780962232544,0.03670805764524608
0.00038055442386164106,0.001244366449966099,0.0374152596166053,0.0011652182356653882,0.23644457891210857,0.03576899192713724
0.0003306886553840153,0.001358946010687304,0.03927776451850156,0.0015498869874071683,0.24504129971008154,0.0382203057624461
0.00039003635749214067,0.0011437419033576994,0.039142091152815014,0.0015981621135693954,0.24012744000277045,0.03778061690089433
0.0003141253147660133,0.0014674767552458412,0.04130367262562437,0.002300728564045281,0.2444499445801543,0.03587521663778163
0.00035309252045886757,0.0010653030787258974,0.037530139427612956,0.0017771680670958892,0.23558240641409295,0.03447401774397972
0.0003006327034115481,0.0013618433410556633,0.042745232429614685,0.001173728053730662,0.24307781987758673,0.03614787768142401
0.0003800612868450064,0.0010775609641828104,0.040723528991206126,0.001377342712381327,0.24575169112745474,0.03342768567192344
0.0003964061136589312,0.0012654500306414,0.038440778202811485,0.0013815107807180567,0.23827835121095592,0.026931133244987818
0.0003445026397909289,0.0010207785137464841,0.039240518853456544,0.0011947431302270011,0.23518495468072825,0.032699756778668584
0.00039014821470095124,0.0011954810815118849,0.03966816615061051,0.0024653616685567773,0.24146201398506908,0.04580152671755725
0.0003111641457279378,0.001364382674652545,0.03838131412442316,0.001514335711401265,0.2346375979282022,0.029464638049721575
0.00036658221834296774,0.0010780491996656486,0.03634852337179738,0.002258370700094917,0.24356008713814092,0.03113941967445152
0.0003431411361297042,0.001371279822430884,0.040451943150206074,0.0007545390238151379,0.2501273616094172,0.03218133482580103
0.0003713295169931001,0.0011163829193413341,0.03449901577195071,0.0011915992254605036,0.25194699331357884,0.034241172922562985
0.0004011086227867399,0.0014143771436653583,0.0434887582594642,0.0011573329904198547,0.24829924579973484,0.04083224967490247
0.00028315223949825424,0.0013631396082148747,0.03902853109993534,0.0017489028873091186,0.2419186183788889,0.030196133766050515
0.00036537936245377244,0.0012332747000810326,0.036529768202366066,0.0019478306036651678,0.24445274396941868,0.04333319254973181
0.00034950845874516214,0.001409288778929567,0.0414190229358692,0.0014748537436704194,0.23133385127378564,0.02901226427535276
0.00031876597196778977,0.0010960906101571063,0.03918386386717137,0.0020667562261031313,0.2505529682446176,0.03260297984224364
0.00033831175097613213,0.0015060357278014196,0.03970049967346567,0.002152115431645879,0.24761189579583226,0.03833212658120022
0.0003601060027205532,0.0009390589846424728,0.037660852158993424,0.0019016163739178301,0.2560614513152813,0.028835978835978836
0.00038316894383406746,0.0015931042444299072,0.03834344271559357,0.0014106741006952607,0.2444442043625285,0.037857430527587596
0.0003347722942449283,0.001290253212192893,0.0350537165749366,0.0018026739663834688,0.23577524893314367,0.03377157978745747
0.0003558296547494068,0.001372151525840249,0.04043843880875929,0.0011514104778353482,0.23409306742640076,0.036565648190373536
0.00034027837612892543,0.0016436333030280174,0.03823955632888225,0.0018786104544671791,0.2472498690413829,0.04338698390482855
0.0003407026804315251,0.0009769638135704926,0.03620143141951492,0.0020508146291443544,0.2653692213210224,0.030744864210183073
0.0003524638869562737,0.0011699752240540789,0.040243597720803305,0.0013842198932173225,0.2486710633698745,0.033287101248266296
0.00037199204459118667,0.0009743386393247606,0.03665762223821917,0.0017003589646703192,0.24867589175206004,0.043346194893686886
0.00036807339524355025,0.001417546070247283,0.03540952002948431,0.002065607632912015,0.2560939858196072,0.03741314804917156
0.00030543469893862675,0.0013741796384485986,0.03383130527142164,0.0021424745581146223,0.23868582393410398,0.02826599021561877
0.0003020736016803308,0.0011998992084664888,0.03831552339366064,0.0015711433340970834,0.239222856135868,0.03449416825213003
0.0003351791462707829,0.0010845611565575568,0.04093286504788135,0.0006993705664901589,0.2343869955605995,0.03999660326086957
0.0002928385279107005,0.0012670718736921324,0.03661795069025546,0.0020440608675902795,0.24740351327093216,0.03490025421172821
0.00037636674145607985,0.0016711742623016993,0.038893996907793695,0.0019424704987293004,0.24293697952331514,0.032780864055828474
0.00040320944947003614,0.0011817385222641147,0.03704156479217604,0.0013934276661745433,0.24577559619477868,0.03691958157807545
0.0003622294693837816,0.0012981644109772163,0.03873097904105656,0.0014624634384140397,0.23790759201169892,0.03665005626105128
0.00036728537565101395,0.0011111811619329824,0.0371983769031196,0.0017667266481269425,0.24614870509607353,0.03557979483184002
0.0003506601916339492,0.0009937692247022636,0.03839596768215848,0.001865122214587219,0.2510582554753218,0.03806314120037667
0.0003618704666177222,0.0013042034873610826,0.03560027556495667,0.0015899041089084314,0.23201098703170028,0.03724344162022564
0.0003489106677349005,0.001301020709884209,0.04012107360163079,0.0011331266426401851,0.24778199560227981,0.03538167473260401
0.00036213260991349605,0.0013185105539706397,0.03749134236069984,0.002040915496379805,0.23299013763953613,0.043859649122807015
0.00040636777076464566,0.0008939283445858525,0.03925578209364171,0.0023407286790148585,0.2496178555012774,0.043618099308278625
0.0003607796705052402,0.0011326866950845172,0.03839832582031106,0.0017265634991686916,0.24292535482740493,0.03819642621943188
0.00036336390421212386,0.001637667899402597,0.03369796846142918,0.0016054048630388977,0.23512024721214564,0.030739840222299405
0.00029266094156829196,0.0012823963396292133,0.03752679971797344,0.0013179985250968886,0.23950479589560564,0.026604199782481384
0.00031175434488582777,0.0013641671066169812,0.03890561034385979,0.0013436990114214415,0.23648580207313366,0.036296975252062325
0.0003703816668851935,0.0013288123167155424,0.04044230369806245,0.0018839861179970254,0.25491568425887445,0.04577891477043221
0.00037397777083572495,0.0012743262589871467,0.04048417675368237,0.0016759776536312849,0.23284622721143622,0.03473491773308958
0.00036946857917405303,0.0014386150282439955,0.03972031259180916,0.0008814311830765213,0.2309771425393471,0.03732742457814897
0.00030452219096188335,0.0010900446454455849,0.038496310770217854,0.002068490002298322,0.23366297598317837,0.039405827125666676
0.00028842723003965877,0.00086241055404051,0.038044074637760675,0.0018077431665634467,0.24804877267534353,0.03170890188434048
0.0003477495890542067,0.0011919276118211174,0.03898320308991287,0.0021198349098267197,0.23611646960034494,0.03155599264548681
0.00035162402125944606,0.0010839983394067992,0.03461692481868384,0.002116971051260942,0.24416834878725402,0.029649238914626078
0.0003133838355762371,0.001298435308165844,0.040234678596477925,0.0016979341800809015,0.23996469110374252,0.04249084249084249
0.0003651089519692942,0.0012079440082424415,0.0391156462585034,0.002149172080300884,0.24111782858585049,0.044673693653285496
0.00038715224323679733,0.0012532346217668288,0.03724176437744277,0.0011705033164260631,0.25649590900441865,0.04168442588014662
0.0003562745137542109,0.0012189642710632729,0.041632614817629574,0.0013756509776948018,0.2348575452401444,0.03884462151394422
0.000362805391774797,0.0009293212469942266,0.04116124423219013,0.0011907124429450288,0.24795420067104434,0.033967687148891694
0.0003587491096061831,0.0013356669123065585,0.038024553793501406,0.0017263849161349288,0.24008350730688938,0.039118126447628035
0.00036731246836241575,0.001072536081512742,0.03902978825218327,0.0021654321411999243,0.2467731921707022,0.030449373823360888
0.0004101140413430037,0.0014611745059838577,0.039538763930903706,0.0012039529789475444,0.251446525572802,0.036529242569511025
0.0003584421149345074,0.0012295808784409544,0.04117002295415559,0.0017709272771993115,0.21797309992438652,0.039201149158982436
0.0002885637340557524,0.001291244898429754,0.04163461013466225,0.002168342203824167,0.253756439227614,0.030395397758983388
0.00034939689167246576,0.0011010667581562716,0.03964790295140173,0.0013836270795585571,0.2409008338622486,0.04034915827914848
0.000345850840953004,0.0010181139439188903,0.04180277515041003,0.002170267337476571,0.23987973332171336,0.038298973518502546
0.00035129740518962077,0.0009133956685815927,0.038547148326390224,0.001425129788605748,0.24439276370222948,0.0347686320954234
0.00036152764505615486,0.0015667078479591875,0.0370648025547161,0.0016392388788891747,0.25115404157792887,0.03388104605415413
0.0003145925052080783,0.0009958198723961048,0.037497674285468935,0.001430615164520744,0.24436392041139582,0.03470288333833169
0.0003485980381875908,0.000951331283717153,0.04017749092375958,0.0009021350529586688,0.2489088687150838,0.031123746820290288
0.00035621379304196936,0.0011238541955272165,0.03842136851905237,0.0017306860247103505,0.24136936243869603,0.029353950989385404
0.00031516127323921364,0.0011232011232011232,0.04053137791617488,0.0014497255876566222,0.2353894842040975,0.03769575460802883
0.0003229941708482876,0.0011489014587218855,0.03644612927779353,0.0026209775275445324,0.2453022350057638,0.04336298323640096
0.00030884433713550545,0.0011688524206933631,0.03806382772334853,0.0012066645008585882,0.2435012908394908,0.0398080534112247
0.00029307195710434966,0.0009540012402016122,0.03798338413723029,0.0018150955446126957,0.24732863935822647,0.03343322719610414
0.00038539429318005006,0.001193988725991068,0.0379328746772821,0.001784799457949794,0.24509931195638063,0.0338937093275488
0.00032690595770010265,0.001296321302494261,0.03897179944960101,0.0015614834092387768,0.25999276734242377,0.037335978716688464
0.00035359508100070127,0.0010081693724545723,0.03912644559982997,0.002325503016413333,0.24533494428782388,0.03887575518781193
0.00033088346793962566,0.0011616145652242628,0.03720866033048074,0.002240659858091542,0.25010367746780393,0.031940453196400806
0.000364207518415427,0.0013962624342297285,0.03957838686283665,0.001382920926557021,0.25255028157683024,0.026757479931890052
0.0003292098762232912,0.0011276301373149607,0.03838846669646849,0.001761367342944745,0.24019711212972106,0.050707096445407066
0.0003081594594044653,0.0011174512601046125,0.03682462167456915,0.001874167721571013,0.24298031055969363,0.036595908174046676
0.000342127389578385,0.001138380416694665,0.036152169550221464,0.0015519917227108122,0.23470639398737708,0.03732271709380443
0.000367658244872513,0.0013736263736263735,0.039980608267210165,0.002153554997226482,0.24877162280406542,0.03420780830406941
0.00034422016626497407,0.0012331125622372851,0.038182546393128916,0.0010737119523662334,0.23597980112562011,0.04205169412079818
0.00031375568171741134,0.0012905345159322352,0.03823581269993199,0.0018255578093306288,0.24132330029502438,0.0356484893146647
0.0003869316725275677,0.000981694980186522,0.04105982989779161,0.001119156224034728,0.22971681007483602,0.03965188253362498
0.0003651470041956035,0.0010662463492652173,0.041122263780119725,0.001250821854102856,0.2488135371321965,0.03529721661252085
0.0003575266120425309,0.0011291549373083768,0.038704119924354186,0.0019490011369173298,0.25806946254696006,0.030817960022257413
0.0003440559199190569,0.0008899064077064374,0.03652936264959644,0.0009857072449482504,0.22552430065461176,0.041755742551739826
0.00035693070314739007,0.0013445761166818596,0.03910244898344975,0.0017228452470209135,0.24397480321934262,0.033722901240074946
0.0003186186031689306,0.0010278092479473013,0.03978821228701604,0.0017725840336134452,0.2403968035271425,0.03732901521285209
0.0003164951293208141,0.0013797226757421756,0.03943181705540081,0.0016209097355890994,0.24222834022537534,0.04638691513607722
0.00034457209127133594,0.0011858212975055125,0.03941162923429693,0.002254975652799111,0.24036271245838442,0.031520129901141405
0.000344700791133082,0.0013193833618813944,0.03986281049120999,0.001931123270035404,0.23969971100506018,0.041792852816474865
0.0003456771285222863,0.001172029165188342,0.038416693470569314,0.0014531128907259107,0.23628992738450572,0.03634096374810724
0.0003541592767106759,0.001119146340041735,0.04040331734653182,0.0021684490660884136,0.2392277373238025,0.03198157861072022
0.00033258165412592214,0.00102421651316351,0.04184113159858093,0.0017145450572355484,0.25550787153999754,0.034937489296112345
0.00035654033010515016,0.0010468442514860725,0.03856424177153564,0.0014918445829465586,0.24474767648141743,0.03384036916766365
0.00030492486364243473,0.001318955387333232,0.03822556420500839,0.0016294190003035192,0.24606841452574052,0.03310120285791806
0.00034711491343573003,0.0012377372329696525,0.03458390476980668,0.0018315312565268384,0.2371711650153741,0.032826076961978756
0.00029972814325604307,0.0010542221597497979,0.041572202935026906,0.0015904836064215774,0.2441185489072396,0.03827154572922162
0.00032465067358196983,0.001358275292217837,0.037069992610131657,0.0022007814368870107,0.23723920153377692,0.042364928274567636
0.00038288729417967134,0.0012569082342724597,0.039840945064278266,0.0016429089151969076,0.24679899735790256,0.05326398852223816
0.00033621753678826145,0.0013886424477137544,0.04173367642328723,0.002554278416347382,0.25640360547305624,0.03426478922359301
0.00030160432432592264,0.0010214989903789048,0.04334263667706452,0.0018272874932322685,0.24629478161295598,0.04390633315593401
0.00024806441259129944,0.0013632143654589684,0.037880185710652436,0.001932693192625088,0.2536383437544023,0.04040578458881934
0.0003545955695253563,0.0012647457860969944,0.04018949190357323,0.0016733106944239382,0.24661936880308713,0.04269652260543669
0.00031950414365187953,0.0010227340296909994,0.03990707910502506,0.0015591502631066068,0.2503656428666401,0.039724714696402125
0.0003274694750578941,0.001229891083683839,0.04079508591382841,0.0015634160641000584,0.2396772964045229,0.03573123894187201
0.000366426595799111,0.0010552824079625854,0.038632814759123245,0.0022189349112426036,0.2692835308223247,0.0342586085734364
0.000345023102217236,0.001295032240906831,0.04078448520022062,0.002183767329517255,0.2400163369032492,0.03559412077209138
0.00034737502876175884,0.0015001582198122458,0.03560157647503672,0.0021281986318723084,0.23455829930650074,0.03189933986088343
0.00040328958771575587,0.0011234333371041166,0.038578640125141256,0.0019240327726915618,0.2491974047549559,0.042672295127099205
0.00037238006304348315,0.0011219013442924264,0.036358364743403884,0.0012345874420297883,0.24025254390972897,0.036350056018921946
0.00038701388957931154,0.000940144155437167,0.03867497031526401,0.0012964132566565835,0.25115064468744897,0.03576194288764345
0.00037121965552271727,0.001173897221385277,0.03737708802274612,0.001953359263891983,0.25673575411101085,0.03938265034592869
0.0003526702851191225,0.0013570601630005597,0.04087934710683038,0.0011494986908487132,0.2401786116999684,0.03705385523567342
0.0003752508842666198,0.0008045369574305298,0.03994893962691114,0.001903160832950058,0.24943330054317608,0.03492020188241713
0.0002740679823264368,0.001130390984555168,0.03638716625024206,0.001640029584847413,0.2623467109591553,0.035484914290994776
0.0003289108259582523,0.0013309516304157473,0.04292190842541166,0.0018560427215447485,0.2619718309859155,0.03321686254934882
0.0003644012550710692,0.0013864604435132907,0.03858803322045146,0.0016563819421890225,0.2510933543783499,0.0350383631713555
0.0004015116367223795,0.0010236763941774527,0.03781076569056536,0.0019809825673534074,0.2630643983565286,0.030233296302174258
0.0003818261025549035,0.0013520759027437815,0.03530863702038851,0.001505923298306673,0.25223787234960415,0.041165439326716374
0.0003288051563655243,0.001572153888802391,0.03752619847632989,0.002387660570173344,0.24107652210874841,0.03449288741555118
0.0002985720762772306,0.0013384255039287404,0.03685638463477191,0.0017541864960124742,0.2573906925098121,0.03080839111735276
0.00026140194572123307,0.001338764025822262,0.03820768009967221,0.0021151586368977674,0.24475823705605476,0.033435053734907794
0.0002853354620834334,0.0010364068017209174,0.03607243484102321,0.0010785194868861835,0.24835587406323056,0.03411226210551674
0.0003213657563892246,0.0015273393748090826,0.0365119476754989,0.0017270572299356588,0.25968656651803107,0.03703865855260278
0.0003620548527078458,0.0012247685893963306,0.04010751291453922,0.0019591836734693877,0.2467130277615526,0.033883349510279714
0.0003560847133314263,0.001149829872110759,0.03605255422082937,0.001164558599941772,0.25526431647105563,0.029248103012186707
0.00037226541714970127,0.00137885072791828,0.03779908489493778,0.0015971189227276287,0.23758667588236604,0.03549087195199796
0.000362882265151624,0.0010898634965294419,0.03847423658353987,0.001954564937848264,0.23099630161620505,0.03628034814475492
0.000293163671871222,0.0012954316756177398,0.03637637988435255,0.0015742350201698862,0.2609993964230122,0.0406409118512636
0.0003092539947447609,0.0012386604998312722,0.038486564028998124,0.0012493593029215787,0.25894730184164194,0.025705383416998445
0.00028941198924407267,0.001081580989254728,0.03977208095055894,0.0025703975877807254,0.23769088773284108,0.03665763241306445
0.00031644670018971454,0.0010177007232944426,0.03882700613775858,0.0017586712261846603,0.24364901256732494,0.03050089837416188
0.0003487898857743528,0.0012586092367933433,0.03613047114580429,0.0018365177046750652,0.23855654010376018,0.03741923905240488
0.00039902334286555765,0.0010664602210337555,0.036907083778983385,0.0013306087535047283,0.22832567905947876,0.03248467492952705
0.00034884317195854733,0.0013446578339613468,0.03895949047623779,0.0017683176422431438,0.237173929743314,0.040162434736043556
0.0002875788036174348,0.0010997753650318232,0.03663931636858623,0.0019671808658874444,0.2582415170536851,0.030973451327433628
0.00038043752749683426,0.0012757912805465026,0.04045115461975202,0.0019058812318345697,0.23020424818080837,0.03624027800761211
0.00038510008552705097,0.0015426207412370572,0.035578232977484955,0.00216021602160216,0.23232713551847978,0.03376086057095573
0.00034222780867687217,0.0009582723051512979,0.04044841919637234,0.0021312666505207073,0.23211594465659668,0.03142163750159663
0.00036993732569209263,0.0013075935523750655,0.039480639785731186,0.0021865164816962067,0.24426784783741531,0.03520324173736862
0.00033932289848608455,0.001507782477247949,0.04575849162973519,0.0017106918238993711,0.25144019726003164,0.0311302234271291
0.0003861765247622352,0.0013126230584117262,0.03593755114064086,0.0012705652386382146,0.24889315391158318,0.03464482341882637
0.00032801473183739565,0.0011590983181000447,0.03813589136196262,0.0015471892728210418,0.2528113330694086,0.03417634996582365
0.0003341514683160434,0.001199807089840457,0.03705980836352286,0.0015052684395383841,0.2537329771861453,0.031446806712033475
0.00030699932792699894,0.0010398573469772886,0.03926360784274606,0.001492982979994028,0.24316833446498737,0.03778986544517607
0.000376135011086628,0.0009830693610049152,0.03851049504366587,0.0015684993056122865,0.2369924071046207,0.042895671903763005
0.0002989215562310461,0.0011003790194400293,0.04099348926935134,0.0020073923018098395,0.24890121035905063,0.03548936170212766
0.00035731533959426013,0.0011648315946703011,0.03497516345202517,0.0010007839474254832,0.23527100049123956,0.039086250325718754
0.0003746642937516298,0.0012061327209890288,0.04022673061632768,0.001758327635049331,0.2457858492964441,0.03216027415315671
0.0002964341578839425,0.0011399845627090466,0.04095291837385608,0.002107986393906003,0.23675559557778478,0.037393767705382434
0.0003613915207984755,0.001215109418266366,0.041245941070354786,0.0020091415942538548,0.23998686802363756,0.037267080745341616
0.00035078019513193424,0.0011432837910357219,0.03726154973540311,0.0015286624203821654,0.2397029264470412,0.03111822015413698
0.00030154745193313587,0.0011997459361546966,0.03847586923695409,0.0026593639687841324,0.24407233757535163,0.0339919066888836
0.0003316043123840779,0.0011919588621377324,0.037304325871065476,0.0011908896938421078,0.24038716520816758,0.044778194965929635
0.0003412353033265349,0.001313558310047527,0.03965484487016688,0.0016566778736052234,0.22734616938198465,0.04330499468650372
0.00030845664518371475,0.0009541442802458058,0.03627411076807005,0.0011772207779467308,0.23598227732064517,0.030724213606437456
0.0002987551383454892,0.0007770739633126899,0.03299245134929246,0.0021603574409584133,0.23333819127588257,0.03365384615384615
0.0003117608647076835,0.0012418646367545936,0.03708825686177045,0.0016086599527456139,0.2530362622639063,0.03286280447076635
0.0003504500640025113,0.0013781250371262134,0.03846507686720736,0.001787398838190755,0.25248199338135097,0.044346094268643506
0.00033297253087611115,0.0010072773838898086,0.03881026600694639,0.001811104932877909,0.23920178834305653,0.03786393842329206
0.0003270305424871462,0.00115138793157466,0.0395054670192239,0.0020817562452687356,0.24455033288058606,0.03210552513688403
0.00028547218217386003,0.0010322499921799244,0.0398751325244434,0.0013471685404070374,0.23570290368271954,0.03472190327469802
0.0003077056813343952,0.0011076539658242599,0.03699367604863397,0.002354403060723979,0.2415356080643568,0.033212864266434876
0.0003182092971069318,0.0011747798266808162,0.038220937057131,0.0016757298460628562,0.2469862968538807,0.03456501192672937
0.0003385248638750923,0.0012631677439980038,0.037858525130973014,0.001821115353280404,0.24310889182471618,0.03855875926481299
0.00033261236523424685,0.0010340613543070223,0.04108647582621168,0.002195738993460516,0.2503725782414307,0.033175960188847775
0.0003122354039097405,0.0010387132266664616,0.04115977187823312,0.0016923561912030663,0.23895875665879512,0.04084945218449885
0.00032181950881308145,0.00119746616160205,0.037396931833687454,0.0013478386444594204,0.24426920960938933,0.030272704528396296
0.0003364203178723204,0.0015290879578442212,0.03817086980399399,0.0015218287308582479,0.23949206927155636,0.036092097075295586
0.00028591664385662073,0.0011632956942548703,0.03876930230755818,0.002029181563436081,0.23081004598514326,0.03914558941817857
0.0003290415905892401,0.0012796302256414631,0.0431775672356062,0.001937984496124031,0.2452644085274272,0.035280680231820294
0.0003359865101045347,0.0010143263772036044,0.03583253203045817,0.0011179950621884754,0.22941737432450843,0.0326975476839237
0.0003032529613883379,0.0012957195790047964,0.0399171643806837,0.001974658548625967,0.24000541162145708,0.03608573754182871
0.0003091051841303216,0.0010598501293409696,0.038707465827449446,0.0015676028739386024,0.25201205540066146,0.030376515634971284
0.0003500101766949185,0.0013334074115228624,0.040759587432206874,0.0016587253833769697,0.2364863349998879,0.03365945606319002
0.00030228483272910474,0.0010664276220209577,0.03913235510624724,0.0014987759996003265,0.25253271881386147,0.030715306922473828
0.00032562831921150435,0.0010129166503081936,0.04125201922501645,0.0023301724974918283,0.2390498768614634,0.03334865644197417
0.0003593850465258187,0.0011688280709566102,0.0383390373696809,0.0016488046166529264,0.2422989731964262,0.029848117983711203
0.00033668258383987655,0.0010219921879536542,0.03917986988883897,0.0018156753303520392,0.22896523349105125,0.035765193728132694
0.00034659113409994023,0.001680672268907563,0.037588255719742274,0.001125914805779696,0.25060632262690596,0.03563961224101882
0.0003291130170139547,0.00143571582398124,0.03945328031809145,0.0014668731154755114,0.2433408920763397,0.034396942494000535
0.0003340583583109709,0.0012500868115841379,0.036258165108295125,0.0023981198740187695,0.24975562609144528,0.0325473555273634
0.00032065768812825866,0.0013718856451931686,0.03767867591741202,0.0016208823678389923,0.244663905702453,0.03098653718825866
0.0003353528500096367,0.0011334764957841614,0.03782952175103116,0.002129313549869875,0.25355543920759915,0.03418803418803419
0.00029927209423754003,0.0011252373547545186,0.03835532974970273,0.0013416387158600863,0.24642740973652824,0.04157399486740804
0.00036913323245152114,0.0010577823397361812,0.03982004867218026,0.0012793386803129458,0.25031747959848494,0.045352244256656335
0.00035403867532793874,0.001336334224222816,0.037962670041126224,0.0008743523316062175,0.2392880244462784,0.030938378931219635
0.00037807610541630956,0.0012140785500886755,0.03601691793035354,0.0022242638170301243,0.2353082038945913,0.034597415716149674
0.00035791845995437936,0.0016117541257401808,0.039280387144426165,0.0027217268887846082,0.2388308143018843,0.040560243891662615
0.00029257988770854887,0.0012250241201644575,0.0409246148659543,0.0017553554594805447,0.2597413583445242,0.03752376927952673
0.0003768785898965101,0.0011893529127252832,0.039746877131901476,0.0021147681307799467,0.2496736501958099,0.04388509786295101
0.00026086415167390523,0.0012054942719703263,0.03705989477944152,0.001966955153422502,0.242476995772196,0.030469063209942533
0.0003665651382454869,0.0015080850113106375,0.037529297017163316,0.002048544292010677,0.2417982586817625,0.04467522288625453
0.00036215720387114663,0.0009617549738379749,0.03901599571190792,0.001610441025985137,0.23518350626238205,0.03563454496740198
0.0003672737209628778,0.001391810713742931,0.035452145406017,0.0015378700499807767,0.23408707391157613,0.039501135889471
0.00039114336672497704,0.0011049130264642016,0.03577684194834718,0.0017622295467154,0.23367208233542625,0.03705890367409964
0.00035198095592703344,0.0007688096264284133,0.03982320818087625,0.0015835573957078998,0.2555410976129815,0.03344360357094304
0.000340471510145573,0.0011704393829443573,0.04025901038485033,0.0018424374765430415,0.2409804823552606,0.03834682573498083
0.00030824233795658245,0.0011581597078601227,0.0384562934678849,0.0010694840549649986,0.2454593662998807,0.03273322422258593
0.0003873875732571504,0.0009923682158637147,0.03751561940002131,0.0019408880414056116,0.24413884884107795,0.030454016298020956
0.000342605078098413,0.001204349828203039,0.04161675318337105,0.0014261217975925706,0.23499099909991,0.03509543495470138
0.00038165297780756583,0.0011443384439332547,0.04091846639165251,0.0021276236470171056,0.24837001706559314,0.030471174644973197
0.0003683532109403101,0.0013326141447472792,0.03891500689614261,0.0015758112965972325,0.24764408895566578,0.040012616590816924
0.00032179085386288894,0.0013584088964270777,0.03772551732088304,0.0013843111404087014,0.22887375802961468,0.039366212898906495
0.0002888975891441539,0.001451664121213954,0.03917764989790236,0.0016596430140418817,0.2421391433523149,0.03307086614173228
0.000318742090040045,0.0011991006744941294,0.04193386773547095,0.0011762207374250567,0.23744727173765137,0.03738076823923692
0.0003551254700230508,0.0012829284981183714,0.0361256927997656,0.0018242010674954395,0.24568096590293284,0.03438693990969086
0.0003137448205136456,0.001429497644844044,0.03911456047244723,0.0016847529854813934,0.24085154209778187,0.035979012242858335
0.0003615022563255236,0.0009254535315544061,0.037317210348706414,0.0016300178982357452,0.24850243662048954,0.04350741889512952
0.0003424828078258618,0.0010239821268574222,0.036391859261814416,0.0018839487565938209,0.23700082244357124,0.03870810679217723
0.0003569422245038497,0.0008772900431531859,0.03806304066819131,0.0017466401436126342,0.25201124357855964,0.03862904752887711
0.0003624623548032816,0.0012919747603502175,0.04524295790094512,0.0017597028057483627,0.25479470111382063,0.03571124904344869
0.00037130751040845094,0.0009847250389786995,0.03622199449239183,0.0021019108280254774,0.24588825635946054,0.03494874184529357
0.0003338244302378169,0.0013520128674328073,0.039572442538883555,0.001758213134503305,0.24629270038944276,0.034540104899577845
0.000332846048335309,0.0012104334617605874,0.037004535594557283,0.0018357044515832951,0.2345818716759081,0.04110885733603786
0.0003458947942095169,0.0010094726092519338,0.03666430112545783,0.0009833969809712683,0.23814030126585095,0.042160155559483825
0.0002619146529458536,0.0013986548456129623,0.03684627012068859,0.0015257227316794076,0.24174174174174173,0.03198987890836797
0.0003280520347409066,0.0014047340330548997,0.03698586765679417,0.0018463116505684249,0.2554753141397774,0.04893316875330629
0.00038293183202328554,0.001275846725129849,0.0376771833561957,0.0027359781121751026,0.24126104735523018,0.034010639225603906
0.00034611532521945025,0.0011274707464404418,0.0365995115995116,0.0019141005406494512,0.22830585521405794,0.04096289400186195
0.0003129436160940927,0.0013563655639050856,0.04231307506774261,0.0009639793065775522,0.24160014036318972,0.031067086897793784
0.00029072971773001083,0.0009795843980302,0.04093190137942738,0.0017866596082583377,0.25584165277085996,0.03441945846718678
0.0002487960093312968,0.0012928646186049376,0.03838258319457216,0.001944201419267036,0.24051158355303753,0.03478553123555854
0.0002996153219005918,0.0010699043822490974,0.036697157566885116,0.0008043704125749907,0.24495026946501336,0.026313504125054277
0.00032859190209557124,0.001069626483331654,0.03790153884389951,0.0016583208688300708,0.2352602563818717,0.03232137637282331
0.0003387270764607469,0.0012394858082772707,0.03815140763949684,0.0021559468199784408,0.24225557735298142,0.03431482060676466
0.0003800977157288997,0.0010838363093017504,0.04302454565049391,0.0011851461680273902,0.2524951536970368,0.04205160879260911
0.0003497935791757211,0.0011651685927616872,0.038075317767535186,0.0014964583818296699,0.2591432906162239,0.041863488624052
0.0003294648182317594,0.0012506465533879399,0.039185721288313484,0.0017964968311792006,0.24406980313061782,0.040198159943382876
0.00030004613394066807,0.0010404391914526343,0.037549216397745694,0.0019680519565716537,0.24175168941301178,0.03857960673691197
0.00039716704589713627,0.0012166825901300524,0.04480157561852164,0.001573332022223315,0.2530238847279296,0.036874013786230384
0.0003145108774102047,0.001042165233367815,0.03980109672770388,0.001580663219942701,0.24495520570583632,0.04313141053738932
0.00033902805803308345,0.0009833038208948066,0.03747690146150753,0.0017911635929414886,0.24601528325612887,0.03476305776547907
0.0003687751917327061,0.0007134929443475503,0.03844328429046037,0.001996039603960396,0.24634838540011614,0.03872832369942197
0.00029623301164942927,0.001212352001740813,0.042780169762578424,0.0019396001701403659,0.25492317202401976,0.036178107606679034
0.00036465113078315656,0.0009085120591386996,0.039352930451165904,0.0014498123298484142,0.24280819276577462,0.036352620418055134
0.0003802623983002874,0.0011558966455407552,0.03868089727159781,0.002151168475603794,0.24716379170496944,0.03075971184867636
0.00037297106880546126,0.0011351395179131966,0.039391730551715465,0.0018308253167809594,0.24285463019963066,0.031051578672697228
0.00036802451105515116,0.0013905036326907405,0.03703931203931204,0.0008982633575088162,0.2506980129716341,0.03920041536863967
0.0003556507335710141,0.0012771985230940713,0.041146921901588744,0.0017981356172810294,0.24287377349077,0.04327115701375595
0.0003383966117249907,0.0012628002020480323,0.038906528304809104,0.0011793418617221667,0.25715777565050907,0.0322754168908015
0.00030911227314428606,0.0013334391618382412,0.0408701128821278,0.0017063133594298905,0.2470066275948951,0.029554182668225078
0.00035669650347053646,0.0010054246165357276,0.038917344337905085,0.0016051364365971105,0.23573071410317664,0.029445807676281313
0.00036466099240602064,0.0014514995048269918,0.04118582426751893,0.0016865079365079366,0.23912853840450127,0.03712338593974175
0.0003425254646388868,0.0011679597649778921,0.039085263560643964,0.0014534179545564654,0.23710259954519106,0.03891376208209549
0.00032080119978680993,0.0011049015997053595,0.04321085158054771,0.0019502364661715232,0.24704129232895647,0.03602436179862641
0.0003095651793759251,0.001137126386859873,0.03583425545368321,0.001962162957633631,0.23535677484340808,0.03639233932948361
0.00037334463422423515,0.0012632317679396455,0.03923509561304837,0.002316019132331963,0.2694916349073057,0.028917056243674397
0.00033703724486004553,0.0013588110403397026,0.04104959552504055,0.002240841777084957,0.23939353637451788,0.039962667571695226
0.00030864798280469256,0.0015543981347222384,0.041501828767634544,0.0019620025506033156,0.23449203652822273,0.034808766652342074
0.0003388572983017955,0.0013198519880270568,0.038581408388097246,0.0017179815401199218,0.24620791916085452,0.033610635006897704
0.0003666386842252709,0.0010405748799191669,0.03755698572320063,0.0012358589219507556,0.24798069187449717,0.04249645862844763
0.0003289244024540022,0.0011921556160464145,0.04023707410054801,0.00213081939691354,0.2463257942444777,0.03893967093235832
0.00036883914793160987,0.0010624210882887323,0.03986141161047397,0.001934268795493493,0.2515939185875429,0.03502986005882877
0.00032678281237954397,0.0010605911813807325,0.03975479634255873,0.0012473812988757576,0.25239309097447726,0.03950766052676881
0.0003195597622432379,0.0010259999522790719,0.034757890885552256,0.002423188045605642,0.24439837685250526,0.044004920980410714
0.00033203407929304016,0.0008485233019022975,0.04012589671951645,0.0012266176019625882,0.24098213522523293,0.04317983277174592
0.0003691378292846323,0.0014389713675643475,0.03904535385808928,0.0025437956823307953,0.23431792559188275,0.02739136052370903
0.00035606044549943834,0.0011395109598797183,0.03900509621966989,0.0019305019305019305,0.24373441026250148,0.04089739538662935
